,Date,Open,High,Low,Close,Volume,Dividends,Stock Splits,SMA_50,EMA_50,RSI,EMA_12,EMA_26,MACD,Signal_Line,SMA,STD_DEV,Upper_Band,Lower_Band,Volume_MA_20,Support,Resistance,Trend
236,2025-01-29,422.1000061035156,449.3500061035156,416.5,442.0499877929688,811269,0.0,0.0,406.10399963378916,417.62822231768416,59.12781001084502,411.8384390869937,406.61717302450546,5.221266062488212,-0.6895565619507842,401.575001525879,21.325643676373147,444.22628887862527,358.9237141731327,973163.8,365.6000061035156,442.0499877929688,1.9125000000000227
235,2025-01-28,420.0,435.0,400.7000122070313,422.1000061035156,759702,0.0,0.0,405.45799987792975,416.6314155635909,53.87121470251964,406.34543023136183,403.7825478430284,2.562882388333435,-2.167262218060533,399.66250152587895,19.104217516708665,437.8709365592963,361.4540664924616,936908.8,365.6000061035156,437.4500122070313,1.3574996948242415
234,2025-01-27,407.0,416.7000122070313,396.9500122070313,403.2000122070313,665299,0.0,0.0,405.24500000000006,416.4082077864511,50.72270162357502,403.48096189097026,402.31715118218943,1.1638107087808294,-3.3497983696590254,398.3050018310547,18.3767032824149,435.0584083958845,361.5515952662249,903610.85,365.6000061035156,437.4500122070313,-0.42249908447269036
233,2025-01-24,420.0499877929688,459.9500122070313,408.0,423.4500122070313,2037113,0.0,0.0,405.33599975585946,416.94731781010086,58.50910854422009,403.5320436516864,402.2465223002021,1.2855213514843058,-4.478200639268989,398.7275009155274,18.591054476175415,435.9096098678782,361.5453919631766,883769.35,365.6000061035156,437.4500122070313,1.5650009155273779
232,2025-01-23,419.0499877929688,440.0,415.0499877929688,432.6000061035156,2531849,0.0,0.0,405.23599975585944,416.68190171226695,58.23986279812134,399.91059482344184,400.5502431076558,-0.6396482842139335,-5.919131136957313,397.1625,17.696260831482373,432.55502166296475,361.7699783370353,787692.9,365.6000061035156,437.4500122070313,2.6999999999999886
231,2025-01-22,376.1000061035156,438.7000122070313,376.1000061035156,437.4500122070313,10095966,0.0,0.0,404.9819995117188,416.03218316568535,58.156243065179325,393.96706549979206,397.986262067987,-4.019196568194957,-7.239001850143159,394.46250000000003,16.04753570477012,426.5575714095403,362.3674285904598,666531.2,365.6000061035156,437.4500122070313,2.720001220703125
230,2025-01-21,389.0,391.4500122070313,363.7999877929688,365.6000061035156,349796,0.0,0.0,404.78899902343755,415.15798606195693,32.23255152436144,386.06107518938495,394.8291620568634,-8.768086867478473,-8.043953170630209,391.7424987792969,12.622652440490437,416.9878036602778,366.497193898316,164323.8,365.6000061035156,411.6499938964844,-0.9449996948242188
229,2025-01-20,392.9500122070313,395.0,382.0,387.25,217014,0.0,0.0,406.13699890136724,417.1807607541382,45.93451893348834,389.78126956863395,397.1674945331313,-7.38622496449733,-7.862919746418143,392.6874984741211,11.188478836533168,415.06445614718746,370.3105408010548,152765.6,373.1000061035156,411.6499938964844,0.4225006103515625
228,2025-01-17,391.0,402.5499877929688,387.25,389.7999877929688,178874,0.0,0.0,407.2529986572266,418.40242445838874,39.963238685284,390.24150039929464,397.9608940957818,-7.7193936964871455,-7.982093441898345,392.26499786376957,11.558058348099907,415.3811145599694,369.14888116756975,147946.75,373.1000061035156,411.6499938964844,0.32999877929688637
227,2025-01-16,376.0,399.6499938964844,376.0,389.7000122070313,297716,0.0,0.0,408.1259991455079,419.5698708528957,49.04484076475562,390.3217754186266,398.6137666000068,-8.291991181380183,-8.047768378251146,391.9349990844727,11.72515345922361,415.3853060029199,368.48469216602547,147110.35,373.1000061035156,411.6499938964844,-0.184999084472679
226,2025-01-15,381.0,388.25,370.0,373.1000061035156,306785,0.0,0.0,409.1989990234376,420.7890487568085,47.80351244957405,390.43482327528034,399.32686695144486,-8.89204367616452,-7.986712677468885,392.11999816894536,11.717220344514756,415.55443885797484,368.6855574799159,140140.25,373.1000061035156,411.6499938964844,-1.3324996948242074
225,2025-01-14,384.0,387.6499938964844,379.0,379.7999877929688,67743,0.0,0.0,411.13199890136724,422.7355402936776,48.67832334116523,393.58660821560113,401.4250158192792,-7.8384076036780925,-7.760379927794976,393.45249786376957,10.929240163493507,415.3109781907566,371.59401753678253,148159.45,378.6000061035156,411.6499938964844,-1.3825012207031477
224,2025-01-13,383.0,387.5,376.0,379.75,101353,0.0,0.0,412.8809991455079,424.4880118243188,48.0900670430054,396.0932664742616,403.15501806138406,-7.061751587122444,-7.740873008824197,394.8349990844727,10.859947427726492,416.5548939399257,373.1151042290197,153673.95,378.6000061035156,411.6499938964844,-1.1350006103515398
223,2025-01-10,402.8500061035156,407.75,385.0,388.7999877929688,101633,0.0,0.0,414.5689990234376,426.3140531232706,54.132233489351385,399.0647694695819,405.0274195062948,-5.962650036712887,-7.910653364249635,395.96999969482425,10.375825659714302,416.72165101425287,375.21834837539564,182199.0,378.6000061035156,411.6499938964844,-1.2800003051757471
222,2025-01-09,410.7000122070313,415.0,400.6000061035156,402.7000122070313,56138,0.0,0.0,416.1049993896485,427.84523946328284,58.744399405522735,400.9310934107843,406.3256140433608,-5.39452063257653,-8.397654196133821,397.25,11.004747789430237,419.2594955788605,375.2405044211395,183711.55,378.6000061035156,414.3999938964844,-0.8500000000000227
221,2025-01-08,402.75,426.3999938964844,397.6499938964844,406.6499938964844,471465,0.0,0.0,417.0629992675782,428.87157526966047,55.626329880288104,400.6094718114667,406.61566219026713,-6.006190378800454,-9.148437587023144,398.1,12.054340601297065,422.20868120259416,373.9913187974059,188002.55,378.6000061035156,419.7000122070313,-0.7650009155273096
220,2025-01-07,399.0,409.5499877929688,392.7000122070313,400.5,101029,0.0,0.0,417.83099914550786,429.7785785910146,50.31793145844847,399.5111950687362,406.61291565376973,-7.101720585033547,-9.933999389078815,398.86500091552733,13.068345801854226,425.0016925192358,372.72830931181886,179150.7,378.6000061035156,421.9500122070313,-1.7149993896484261
219,2025-01-06,409.5,409.5,392.0,394.0,100434,0.0,0.0,418.9629992675782,430.97362261513763,44.35584710829528,399.3314123539609,407.1019489060713,-7.7705365521104,-10.642069090090132,400.58000030517576,15.346313083168212,431.2726264715122,369.88737413883933,191922.4,378.6000061035156,434.7999877929688,-2.7875000000000227
218,2025-01-03,415.2000122070313,415.2000122070313,403.0,403.9500122070313,115062,0.0,0.0,420.3239990234376,432.4827500688167,50.65674283771911,400.300760054681,408.15010481855705,-7.849344763876047,-11.359952224585063,403.3675003051758,18.76960942399725,440.9067191531703,365.8282814571813,203707.3,378.6000061035156,449.75,-2.24499969482423
217,2025-01-02,406.0,414.0,402.2000122070313,409.0499877929688,97036,0.0,0.0,421.42099853515634,433.64735161419566,47.790166050474426,399.6372596633446,408.4861122274791,-8.848852564134518,-12.237604089762316,405.6125,21.35068723366232,448.31387446732464,362.9111255326754,217272.95,378.6000061035156,449.75,-1.3999999999999773
216,2025-01-01,395.0,407.2999877929688,395.0,403.7999877929688,86169,0.0,0.0,423.4429986572266,434.6513256477151,43.43516613561198,397.9258545488675,408.4410021822399,-10.515147633372408,-13.084791971169265,407.0125,22.476285020403672,451.96507004080735,362.05992995919263,231466.05,378.6000061035156,449.75,-0.46000061035158524
215,2024-12-31,407.5499877929688,411.2000122070313,392.7999877929688,394.9500122070313,93743,0.0,0.0,425.968998413086,435.9105639275007,38.20960698689955,396.85783032266727,408.81228333338163,-11.95445301071436,-13.727203055618478,407.4725006103516,22.501207322449485,452.47491525525055,362.4700859654526,232184.6,378.6000061035156,449.75,-0.8674987792968523
214,2024-12-30,397.9500122070313,419.0,387.6499938964844,411.6499938964844,268469,0.0,0.0,428.82299865722666,437.5824231813974,39.539089392927664,397.204706343692,409.92126502348964,-12.716558679797629,-14.170390566844505,408.3399993896484,22.326787218419064,452.99357382648657,363.6864249528103,232632.15,378.6000061035156,449.75,-0.017500305175815356
213,2024-12-27,380.0,394.9500122070313,377.9500122070313,392.1499938964844,115584,0.0,0.0,431.5429992675782,438.64088968282243,22.855795103669124,394.5782904250025,409.78296671365007,-15.20467628864759,-14.533848538606223,408.35749969482424,22.329655214597853,453.01681012401997,363.6981892656285,228506.4,378.6000061035156,449.75,-1.1374999999999886
212,2024-12-26,380.0499877929688,387.4500122070313,374.3500061035156,378.6000061035156,108615,0.0,0.0,434.89299987792975,440.53847726593824,12.413060019528587,395.019798884733,411.19360453902334,-16.173805654290334,-14.36614160109588,409.49499969482423,22.038124143150178,453.5712479811246,365.41875140852386,234542.95,378.6000061035156,449.75,-1.8274993896484375
211,2024-12-24,390.0,390.0,379.0,383.0499877929688,51818,0.0,0.0,438.5240002441407,443.0665781297106,23.21429868944014,398.00521575404525,413.8010924138639,-15.795876659818646,-13.914225587797265,411.32249908447267,20.82329496306785,452.96908901060834,369.675909158337,238323.5,378.7999877929688,449.75,-1.4925003051757812
210,2024-12-23,381.8500061035156,386.9500122070313,371.25,384.5,118632,0.0,0.0,442.05500000000006,445.516234878149,38.4521902911584,400.72434811060464,416.2611807835355,-15.53683267293087,-13.443812819791919,412.81499938964845,19.731333752227894,452.27766689410424,373.35233188519265,243584.1,378.7999877929688,449.75,-1.4449996948242188
209,2024-12-20,385.0,386.9500122070313,376.75,378.7999877929688,120637,0.0,0.0,445.4940002441407,448.0066934446041,35.85304345764088,403.67422958526,418.80207524621835,-15.127845660958371,-12.92055785650718,414.25999908447267,18.572797945510985,451.40559497549464,377.1144031934507,252020.0,378.7999877929688,449.75,-1.6175003051757812
208,2024-12-19,385.0,393.2000122070313,379.9500122070313,383.2000122070313,162146,0.0,0.0,449.16800048828134,450.8314569405892,37.40157879756993,408.1968190020402,422.0022422424783,-13.805423240438131,-12.368735905394383,415.87749938964845,16.62901907684219,449.1355375433328,382.6194612359641,249030.65,383.2000122070313,449.75,-1.504998779296841
207,2024-12-18,403.0,403.0,388.2999877929688,393.3999938964844,158314,0.0,0.0,452.5120007324219,453.59192407257115,39.95327102803738,412.7416929647691,425.1064206453141,-12.364727680545002,-12.009564071633445,417.3824981689453,14.774598052505489,446.9316942739563,387.8333020639343,247340.55,393.3999938964844,449.75,-1.0975006103515739
206,2024-12-17,412.0,412.0,398.1000061035156,399.75,467169,0.0,0.0,455.6840008544922,456.0487375491461,42.36868442614398,416.258365522639,427.64293478522046,-11.384569262581465,-11.920773169405557,418.47999877929686,13.673575295113995,445.8271493695249,391.13284818906885,247052.2,399.75,449.75,-0.5
205,2024-12-16,408.5,409.8999938964844,403.6000061035156,407.4500122070313,178033,0.0,0.0,458.7740008544922,458.34664520421325,47.14511119175245,419.25988652675517,429.8743695680381,-10.614483041282938,-12.05482414611158,418.97999877929686,13.124438013203408,445.2288748057037,392.73112275289003,225710.4,402.4500122070313,449.75,-0.19999999999998863
204,2024-12-13,418.9500122070313,418.9500122070313,399.0,402.4500122070313,671854,0.0,0.0,461.89600036621096,460.42405879593497,43.98021776032811,421.40713640306865,431.66831815691864,-10.261181753849996,-12.41490942231874,419.17999877929685,12.969045530573807,445.11808984044444,393.24190771814926,220032.25,402.4500122070313,449.75,-0.2649993896484375
203,2024-12-12,419.7000122070313,419.7000122070313,412.9500122070313,414.3999938964844,131884,0.0,0.0,465.3450006103516,462.79034641180857,51.99999999999999,424.8538862568936,434.00578263290964,-9.151896376016055,-12.953341339435926,419.4449981689453,12.659663721658598,444.7643256122625,394.1256707256281,191950.9,407.75,449.75,-0.2025009155273665
202,2024-12-11,425.0,427.9500122070313,418.5,419.7000122070313,141958,0.0,0.0,468.6490002441406,464.76546284100544,54.09732805039115,426.7545939587862,435.5742457318237,-8.819651773037492,-13.903702580290895,419.64749908447266,12.606999772272648,444.86149862901794,394.43349953992737,189565.85,407.75,449.75,-0.009999084472667619
201,2024-12-10,431.5499877929688,433.8999938964844,420.2000122070313,421.9500122070313,294428,0.0,0.0,472.04400024414065,466.6048689893309,54.23620450618132,428.03724518637796,436.84418441380706,-8.806939227429098,-15.174715282104245,419.6574981689453,12.607122920400814,444.871744009747,394.44325232814367,186268.05,407.75,449.75,-0.29249877929686363
200,2024-12-09,442.5,450.2000122070313,427.2000122070313,434.7999877929688,356463,0.0,0.0,475.195,468.427516204935,67.72822302661707,429.1440148189865,438.0357181903491,-8.89170337136261,-16.76665929577303,419.9499969482422,12.730371525186955,445.4107399986161,394.48925389786825,174742.5,407.75,449.75,0.08999938964842613
199,2024-12-06,444.3500061035156,451.0,439.2000122070313,449.75,336132,0.0,0.0,478.0959997558594,469.80006838501527,83.3623445146005,428.11565609644424,438.2945766221395,-10.178920525695276,-18.73539827687564,419.85999755859376,12.62579477014002,445.1115870988738,394.6084080183137,169174.55,407.75,449.75,0.33500061035158524
198,2024-12-05,436.3500061035156,451.0,424.25,448.8500061035156,386375,0.0,0.0,480.92,470.6184385231792,84.13619346711371,424.1821390230705,437.37814275191073,-13.196003728840253,-20.87451771467073,419.5249969482422,11.85642635189573,443.2378496520336,395.81214424445074,163994.55,407.75,448.8500061035156,0.7699996948242074
197,2024-12-04,413.0499877929688,439.8500061035156,413.0499877929688,437.0499877929688,380898,0.0,0.0,483.6720001220703,471.50694596887973,65.73601020350196,419.69707228117136,436.4603936837823,-16.763321402610927,-22.79414621112835,418.75499725341797,10.241849052630915,439.2386953586798,398.2712991481561,152094.9,407.75,443.0499877929688,-0.315000915527321
196,2024-12-03,412.0,415.9500122070313,411.2999877929688,413.0,100540,0.0,0.0,486.4740008544922,472.91335242503936,40.5479614692906,416.54199673357186,436.4132261550473,-19.871229421475448,-24.301852413257702,419.0699981689453,10.909284404818559,440.8885669785824,397.2514293593082,140242.55,407.75,443.3500061035156,-2.837500000000034
195,2024-12-02,414.0,417.0,406.0,412.2999877929688,102694,0.0,0.0,489.8490008544922,475.3587953811634,32.26545117817382,417.1859961396758,438.2862842474511,-21.10028810777527,-25.409508161203263,421.9074981689453,15.613467232023389,453.1344326329921,390.68056370489853,136208.25,407.75,469.75,-2.747500610351551
194,2024-11-29,415.0,419.75,409.1499938964844,412.0,185954,0.0,0.0,493.16600158691404,477.9326242623142,28.395078008145603,418.0743612936225,440.36518796380966,-22.290826670187187,-26.48681317456026,424.6549987792969,18.41693992197202,461.4888786232409,387.82111893535284,133327.95,407.75,469.75,-2.6074996948242415
193,2024-11-28,418.7999877929688,426.3500061035156,412.0,414.8999938964844,236315,0.0,0.0,496.5560015869141,480.623751783225,24.753382522715768,419.1787906197356,442.6344030009144,-23.45561238117881,-27.535809800653528,427.2624984741211,20.141884088077642,467.5462666502764,386.97873029796585,128999.8,407.75,469.75,-2.535000610351517
192,2024-11-27,414.1000061035156,416.0,410.3500061035156,415.1499938964844,184226,0.0,0.0,499.89500122070314,483.30635414594906,35.944687715199294,419.9567536603267,444.8531557292688,-24.89640206894211,-28.555859155522207,429.79749908447263,21.638930326279187,473.075359737031,386.51963843191425,123382.0,407.75,469.75,-1.7725006103515852
191,2024-11-26,414.7000122070313,418.0,403.6499938964844,412.8999938964844,157030,0.0,0.0,503.4330010986328,486.08824640102927,29.07215655874144,420.8307099810253,447.2294086758916,-26.39869869486631,-29.470723427167226,431.5699996948242,21.827050490783495,475.22410067639123,387.9158987132572,130989.5,407.75,469.75,-1.6074996948242415
190,2024-11-25,416.9500122070313,423.8500061035156,411.75,413.3999938964844,287350,0.0,0.0,506.5430017089844,489.07552201345965,21.4394274759688,422.2726583600327,449.97576185824414,-27.70310349821142,-30.23872961024245,433.17749938964846,21.56195771144894,476.30141481254634,390.0535839667506,151945.7,407.75,469.75,-2.185000610351551
189,2024-11-22,412.7999877929688,415.75,408.2999877929688,411.1499938964844,60850,0.0,0.0,509.6600018310547,492.1643190794586,21.638013364169794,423.8858700806779,452.90182329518495,-29.01595321450708,-30.872636138250204,435.3625,21.666241552548414,478.69498310509687,392.03001689490316,157734.9,407.75,469.75,-2.5449996948241846
188,2024-11-21,415.3500061035156,416.6000061035156,405.0,413.2999877929688,128344,0.0,0.0,512.847001953125,495.47102622978406,24.53680370795432,426.20148393234945,456.241969647081,-30.040485714731574,-31.336806869185985,437.9074996948242,21.66191239213749,481.23132447909916,394.58367491054923,183970.05,407.75,469.75,-2.275000000000034
187,2024-11-19,413.9500122070313,430.0,410.0,415.3500061035156,152547,0.0,0.0,515.8830017089844,498.8249461659806,24.685138539042853,428.54721050314595,459.67732819541,-31.130117692264037,-31.660887157799586,440.18249969482423,21.32824225755157,482.8389842099274,397.52601517972107,224073.3,407.75,469.75,-4.739999389648403
186,2024-11-18,412.3500061035156,414.0,403.7999877929688,409.75,40333,0.0,0.0,518.9780010986328,502.2320865766934,31.20110059903216,430.94670221216967,463.22351396276156,-32.27681175059189,-31.79357952418347,444.92249908447263,25.621157027120613,496.16481313871384,393.6801850302314,224295.7,407.75,510.1499938964844,-6.017498779296886
185,2024-11-14,407.0499877929688,415.0,404.2000122070313,411.4500122070313,64470,0.0,0.0,522.3990008544922,506.00686562064004,35.066677517361114,434.8006480689278,467.50139507978247,-32.700747010854684,-31.672771467581367,450.9399978637695,30.57890745431594,512.0978127724014,389.7821829551376,233446.35,407.75,530.0999755859375,-6.310000610351551
184,2024-11-13,416.5,422.7000122070313,402.2999877929688,407.75,110227,0.0,0.0,525.7400006103516,509.8663290252771,29.582125109185228,439.04621822563627,471.98550570960253,-32.93928748396627,-31.415777581763034,457.24999847412107,34.73900403385771,526.7280065418365,387.7719904064056,234194.25,407.75,537.6500244140625,-6.995001220703159
183,2024-11-12,425.3500061035156,425.3500061035156,413.8999938964844,418.4500122070313,84183,0.0,0.0,529.3140008544922,514.0343424548802,31.059954459597463,444.7364397212065,477.12434616637074,-32.38790644516422,-31.034900106212223,464.24499969482423,38.16341843308418,540.5718365609926,387.91816282865585,232464.25,418.4500122070313,547.6500244140625,-7.060000610351551
182,2024-11-11,426.0,428.75,417.5499877929688,419.8999938964844,76002,0.0,0.0,532.7470001220703,517.9357436894862,33.3618494749749,449.51579017832927,481.8182928831179,-32.30250270478865,-30.696648521474224,471.3050003051758,42.10297483787935,555.5109499809345,387.0990506294171,233215.85,419.8999938964844,559.6500244140625,-7.012501525878918
181,2024-11-08,435.0,435.0,425.0,427.7999877929688,63917,0.0,0.0,536.2790002441407,521.9372028647108,24.321795145316756,454.900480411392,486.7717568020486,-31.871276390656647,-30.29518497564561,478.3175018310547,44.69075577660862,567.6990133842719,388.93599027783745,233486.75,427.7999877929688,560.1500244140625,-6.589999389648426
180,2024-11-07,444.5,444.5,427.5,433.0,245104,0.0,0.0,539.5670007324219,525.7795381737615,22.27298997015515,459.8278427056507,491.48949832277503,-31.661655617124325,-29.90116212189285,484.9075012207031,46.5291469838326,577.9657951883684,391.84920725303795,233206.1,433.0,560.1500244140625,-6.1725006103515625
179,2024-11-06,435.3999938964844,447.9500122070313,430.0,443.0499877929688,232532,0.0,0.0,542.9440002441406,529.5664580992211,22.59559196132507,464.7056322884963,496.168658188597,-31.463025900100718,-29.461038748084977,491.0800018310547,47.45979782453819,585.9995974801311,396.1604061819783,223434.05,433.4500122070313,560.1500244140625,-5.972500610351574
178,2024-11-05,440.0,444.7999877929688,431.2000122070313,433.4500122070313,148382,0.0,0.0,545.9820007324219,533.0977426015171,16.994227769716176,468.64302219677404,500.4181518202473,-31.775129623473276,-28.96054196008104,497.05250244140626,48.59972622866106,594.2519548987284,399.8530499840841,215935.7,433.4500122070313,562.5,-5.847500610351574
177,2024-11-04,471.8999938964844,472.3999938964844,440.0,443.3500061035156,143851,0.0,0.0,549.3090002441406,537.1649969033328,16.79041298755122,475.04175128581824,505.7756029893046,-30.73385170348638,-28.25689504423298,502.90000305175784,47.56909128579158,598.038185623341,407.76182048017466,211426.75,443.3500061035156,562.5,-5.432499694824173
176,2024-11-01,471.0,475.1499938964844,466.0,469.75,19854,0.0,0.0,552.3629998779297,540.9941802012846,19.70510052387118,480.80388677350965,510.7696507401678,-29.96576396665813,-27.637655879419626,508.332502746582,46.60467390975649,601.541850566095,415.12315492706904,209688.1,445.0499877929688,562.5,-4.225000000000023
175,2024-10-31,467.0,469.6000061035156,460.0,467.25,45088,0.0,0.0,555.0689996337891,543.902105923786,18.641799990549373,482.8136843686932,514.0512227993812,-31.237538430688005,-27.055628857609996,512.557502746582,46.752827952906664,606.0631586523954,419.0518468407687,214378.3,445.0499877929688,562.5,-4.814999389648392
174,2024-10-30,467.2000122070313,469.6000061035156,455.0,464.1499938964844,99391,0.0,0.0,557.5220001220703,547.0307633084303,18.66939287455331,485.64344516300105,517.7953206233317,-32.15187546033064,-26.01015146434049,517.3725021362304,46.79996111891994,610.9724243740703,423.7725798983905,218040.4,445.0499877929688,563.5499877929688,-5.537501525878952
173,2024-10-29,455.0,473.3999938964844,446.8500061035156,465.6000061035156,123959,0.0,0.0,560.0770007324219,550.4136518558568,18.104029343474494,489.55134539327685,522.0869467614795,-32.535601368202606,-24.474720465342948,522.9100036621094,46.72314473635344,616.3562931348163,429.4637141894025,232144.15,445.0499877929688,574.9000244140625,-5.6999984741211165
172,2024-10-28,449.9500122070313,465.0,430.0,450.6000061035156,336376,0.0,0.0,561.9200006103515,553.875433315136,16.510067828887742,493.9061343550517,526.6059020141165,-32.69976765906483,-22.45950023962803,528.6100021362305,46.31557102694583,621.2411441901222,435.9788600823388,255229.3,445.0499877929688,579.5999755859375,-6.942500305175713
171,2024-10-25,454.0,455.0,422.1000061035156,445.0499877929688,576154,0.0,0.0,563.9760009765625,558.090756874794,13.133394964609721,501.779975855331,532.6863736869647,-30.906397831633683,-19.89943338476883,535.5525024414062,44.37252077945073,624.2975440003077,446.80746088250476,261273.05,445.0499877929688,589.4500122070312,-6.722500610351631
170,2024-10-24,465.3999938964844,484.3999938964844,447.75,457.1000061035156,403134,0.0,0.0,566.0870007324219,562.7046658169094,14.085021879021312,512.0945191393969,539.6972845584843,-27.602765419087405,-17.147692273052616,542.2750030517578,39.89877224135405,622.0725475344659,462.47745856904976,255864.85,457.1000061035156,589.4500122070312,-6.1374984741211165
169,2024-10-23,464.7999877929688,473.5,438.1000061035156,462.0499877929688,585553,0.0,0.0,568.2990008544922,567.0150600909253,13.646125447379916,522.0935215095571,546.3050668348817,-24.21154532532455,-14.533923986543918,548.412501525879,35.28086495418698,618.9742314342529,477.85077161750496,249047.0,458.7999877929688,589.4500122070312,-6.445001220703148
168,2024-10-22,480.0499877929688,494.0,451.2999877929688,458.7999877929688,930409,0.0,0.0,570.8880010986328,571.299348756148,10.6973503636695,533.0105276398459,553.0454731582347,-20.03494551838878,-12.114518651848758,554.8575027465821,30.0615547698042,614.9806122861905,494.7343932069737,234180.8,458.7999877929688,590.9500122070312,-6.382501220703034
167,2024-10-21,529.8499755859375,533.8499755859375,505.7999877929688,510.1499938964844,156995,0.0,0.0,573.6750018310547,575.8911594077063,15.63581838031773,546.5033530665509,560.585111987456,-14.081758920905145,-10.134411935213754,561.2400039672851,20.68123795882363,602.6024798849323,519.8775280496379,207626.2,510.1499938964844,590.9500122070312,-3.3500015258789517
166,2024-10-18,542.3499755859375,542.3499755859375,525.0,530.0999755859375,223346,0.0,0.0,575.497001953125,578.5744722857153,17.372166764533176,553.1130547338356,564.6199214347338,-11.506866700898172,-9.147575188790904,564.5900054931641,17.083460582179608,598.7569266575233,530.4230843288049,214415.0,530.0999755859375,590.9500122070312,-2.5825012207030795
165,2024-10-17,553.1500244140625,553.1500244140625,532.0,537.6500244140625,79428,0.0,0.0,576.9340026855468,580.5530231714205,27.584367149935332,557.2972509425443,567.3815171026374,-10.08426616009308,-8.557752310764087,567.1725067138672,15.4179746112834,598.008455936434,536.3365574913004,222891.1,537.6500244140625,590.9500122070312,-2.0249999999999773
164,2024-10-16,565.0,566.0,545.0499877929688,547.6500244140625,75627,0.0,0.0,578.0590026855468,582.3041659778432,30.76465355054181,560.8694739477228,569.7600365177234,-8.890562570000611,-8.176123848431839,569.1975067138671,13.92362875207246,597.044764218012,541.3502492097223,230174.0,547.6500244140625,590.9500122070312,-1.6924987792968977
163,2024-10-15,562.4500122070312,567.0,556.0,559.6500244140625,99215,0.0,0.0,579.1730017089844,583.7186207355486,31.099038401291466,563.27301022657,571.5288374860162,-8.255827259446164,-7.997514168039645,570.890005493164,13.205357007314076,597.3007195077922,544.4792914785359,230033.3,550.4000244140625,590.9500122070312,-1.1099975585938182
162,2024-10-14,565.0,574.3499755859375,550.0,560.1500244140625,81420,0.0,0.0,580.7990014648437,584.7010124221399,34.850235315874556,563.9317349197532,572.4791425317725,-8.547407612019242,-7.932935895188014,572.0000030517579,13.143718728563057,598.287440508884,545.7125655946318,231099.9,550.4000244140625,590.9500122070312,-1.594998168945267
161,2024-10-11,558.0,561.0,553.2000122070312,559.5999755859375,58304,0.0,0.0,582.5150012207031,585.7030935653268,40.81629393991658,564.6193186480606,573.4654719811894,-8.846153333128768,-7.779317965980207,573.5950012207031,13.559011393721224,600.7130240081456,546.4769784332607,244119.1,550.4000244140625,592.0499877929688,-0.44000244140625
160,2024-10-10,557.8499755859375,562.4500122070312,554.4000244140625,556.4500122070312,49663,0.0,0.0,584.3760021972656,586.7685269522406,36.95876097296393,565.5319264775375,574.5747116928095,-9.042785215272033,-7.512609124193066,574.0350036621094,13.219491207784403,600.4739860776782,547.5960212465405,246264.45,550.4000244140625,592.0499877929688,-0.6399993896484375
159,2024-10-09,554.0,572.0,551.0,562.5,82565,0.0,0.0,586.3340014648437,588.0060173500042,41.72393625742848,567.1831836176295,576.0246876516718,-8.84150403404226,-7.130065101423324,574.6750030517578,12.61956784491807,599.914138741594,549.4358673619216,264190.2,550.4000244140625,592.0499877929688,-0.39999999999997726
158,2024-10-08,552.0,556.0,539.9500122070312,550.4000244140625,58203,0.0,0.0,588.0440014648437,589.0470792826575,31.876455632809922,568.0346715481076,577.1066626638055,-9.071991115697983,-6.70220536826859,575.0750030517578,12.336971202189025,599.7489454561359,550.4010606473797,266289.65,550.4000244140625,592.0499877929688,-0.7349975585938182
157,2024-10-07,555.7999877929688,563.4500122070312,530.0999755859375,552.0,109078,0.0,0.0,589.9680004882813,590.6245100936205,32.34772238689176,571.2409710270248,579.243193723785,-8.002222696760214,-6.109758931411241,575.8100006103516,11.172472007430528,598.1549446252127,553.4650565954905,268433.65,552.0,592.0499877929688,-0.904998779296875
156,2024-10-04,564.0,572.9500122070312,549.9000244140625,554.25,113658,0.0,0.0,591.905,592.2010207096866,29.567560683831744,574.7393293955747,581.4226492216877,-6.6833198261130065,-5.636642990073997,576.7149993896485,9.789807495778108,596.2946143812047,557.1353843980922,271661.5,554.25,592.0499877929688,-1.3274993896484375
155,2024-10-03,569.5,577.0999755859375,561.5,563.5499877929688,118330,0.0,0.0,593.9509997558594,593.7500419631432,47.73044431458636,578.464662012952,583.5964611594228,-5.131799146470826,-5.374973781064245,578.0424987792969,8.264483698878323,594.5714661770536,561.5135313815402,273430.2,563.5499877929688,592.0499877929688,-0.7475006103514943
154,2024-10-01,580.0,583.7999877929688,573.0,574.9000244140625,381466,0.0,0.0,595.7740002441407,594.9826972353951,52.932035809035376,581.1764209620399,585.2001790287392,-4.023758066699315,-5.4357674397126,578.7899993896484,7.527959864818579,593.8459191192856,563.7340796600113,283200.45,565.0999755859375,592.0499877929688,-0.5774993896484375
153,2024-09-30,590.0,593.6500244140625,567.0,579.5999755859375,585662,0.0,0.0,598.1740002441406,595.802398166878,54.8977315133581,582.3175839707629,586.0241913979133,-3.706607427150402,-5.788769782965921,579.3674987792969,7.655775923929535,594.6790506271559,564.0559469314378,273258.25,565.0999755859375,592.0499877929688,-0.5249999999999773
152,2024-09-27,584.0,595.4500122070312,580.0,589.4500122070312,457251,0.0,0.0,600.0130004882812,596.4637215375286,63.76487669088985,582.8116945861857,586.5381286628714,-3.7264340766856776,-6.309310371919801,579.8924987792968,8.023736850549371,595.9399724803956,563.8450250781981,263576.65,565.0999755859375,592.0499877929688,-0.35249938964852845
151,2024-09-26,579.0,592.4000244140625,575.3499755859375,579.5,467990,0.0,0.0,601.78,596.749995387753,55.62876536297332,581.6047277460319,586.3051779793386,-4.700450233306697,-6.95502944572833,580.2449981689454,8.599891753819062,597.4447816765835,563.0452146613072,268604.55,565.0999755859375,596.5,-0.6350006103515398
150,2024-09-25,593.0499877929688,598.0,578.25,579.8499755859375,266777,0.0,0.0,604.0609997558594,597.454076832151,49.49386623761004,581.9874055180377,586.8495922176857,-4.862186699647964,-7.518674248833738,580.8799987792969,9.001483644514728,598.8829660683264,562.8770314902674,278683.4,565.0999755859375,596.5,-1.1000000000000227
149,2024-09-24,590.0,597.5,582.6500244140625,590.9500122070312,288229,0.0,0.0,606.3080004882812,598.1726115768945,57.31924271793101,582.3760291420559,587.4095615482255,-5.03353240616957,-8.18279613613018,581.9799987792969,10.141074446706007,602.2621476727089,561.6978498858849,288224.35,565.0999755859375,601.8499755859375,-0.1999999999999318
148,2024-09-23,577.0,596.4500122070312,577.0,586.4500122070312,399317,0.0,0.0,607.9970007324218,598.4674115511746,50.0,580.8171231302422,587.1263254955211,-6.309202365278907,-8.970112068620333,582.1799987792969,10.364277046310542,602.9085528719179,561.4514446866758,286744.55,565.0999755859375,601.8499755859375,-0.6674987792969205
147,2024-09-20,585.0,591.0,572.2000122070312,577.1500244140625,292771,0.0,0.0,610.0790002441406,598.9579176468538,42.18468674212398,579.7929614799168,587.1804305586002,-7.387469078683353,-9.635339494455689,582.8474975585938,11.060280859007767,604.9680592766093,560.7269358405782,281322.8,565.0999755859375,601.8499755859375,-0.9449981689452898
146,2024-09-19,579.9500122070312,592.8499755859375,576.0,581.75,392868,0.0,0.0,612.1159997558593,599.8480357379881,41.287644999221286,580.2734954918903,587.9828630501632,-7.709367558272902,-10.197307098398774,583.7924957275391,11.351444513440022,606.4953847544191,561.089606700659,279163.0,565.0999755859375,601.8499755859375,-1.1649993896484148
145,2024-09-18,581.5,590.0,575.0,578.1500244140625,225086,0.0,0.0,613.8209997558594,600.5867310742325,41.76918461669383,580.0050401267796,588.4814920941762,-8.476451967396656,-10.819291983430242,584.9574951171875,12.287810106060824,609.5331153293091,560.3818749050658,274877.1,565.0999755859375,605.0499877929688,-0.5874999999999773
144,2024-09-17,585.0,585.5,576.2000122070312,581.5,72813,0.0,0.0,615.6909997558594,601.5025150195455,38.897982940772195,580.3423157109099,589.3080095085853,-8.965693797675385,-11.405001987438638,585.5449951171875,12.225941101062112,609.9968773193117,561.0931129150632,273415.65,565.0999755859375,605.0499877929688,-0.5200012207031932
143,2024-09-16,599.9000244140625,599.9000244140625,575.5999755859375,581.8499755859375,120547,0.0,0.0,617.6479992675781,602.3189442040168,43.32991279172756,580.131827658348,589.9326502692722,-9.800822610924229,-12.01482903487945,586.0649963378906,12.265946584798707,610.5968895074881,561.5331031682932,290601.25,565.0999755859375,605.0499877929688,1.2049987792969432
142,2024-09-13,571.0,598.0,567.8499755859375,592.0499877929688,341804,0.0,0.0,620.1269995117187,603.1544123108772,45.8265954621588,579.819437126059,590.579264243939,-10.759827117879922,-12.568330640868254,584.8599975585937,13.790820065144795,612.4416376888832,557.2783574283042,329575.15,557.75,605.0499877929688,1.9324981689452443
141,2024-09-12,574.9500122070312,576.9500122070312,563.5,568.4000244140625,101211,0.0,0.0,622.1159997558593,603.6076541279348,31.048660027392657,577.5957006411663,590.4616063600166,-12.865905718850286,-13.020456521615337,582.9274993896485,15.350108195297594,613.6277157802436,552.2272829990533,334024.35,553.4000244140625,605.0499877929688,0.8900024414062955
140,2024-09-11,570.0,575.0,566.4000244140625,569.25,408178,0.0,0.0,624.2169995117188,605.044700238705,27.92846762461609,579.267641773367,592.2265329156929,-12.95889114232591,-13.0590942223066,582.0374969482422,16.693947516104462,615.4253919804511,548.6496019160332,359261.3,550.5999755859375,605.0499877929688,0.0774993896484375
139,2024-09-10,568.0,575.4000244140625,566.6500244140625,570.5,124554,0.0,0.0,626.7369995117188,606.5057084117133,39.78944771464807,581.0890311867065,594.0646555489484,-12.975624362241888,-13.08414499230177,581.9599975585937,16.759903681945623,615.479804922485,548.4401901947025,351587.45,550.5999755859375,605.0499877929688,-1.0500000000000682
138,2024-09-09,570.0999755859375,573.8499755859375,556.9500122070312,565.0999755859375,101083,0.0,0.0,628.7139990234375,607.9753291632118,35.37112899227863,583.0143095842894,595.9498279928642,-12.935518408574808,-13.111275149816741,583.0099975585938,16.66168494618534,616.3333674509645,549.6866276662231,349907.85,550.5999755859375,605.0499877929688,-1.6525024414062273
137,2024-09-06,582.9500122070312,587.0999755859375,566.9000244140625,570.0999755859375,173635,0.0,0.0,630.775,609.7253435949372,55.11386669605118,586.2714612203534,598.4178161854184,-12.146354965064916,-13.155214335127225,584.6625,16.42920922500218,617.5209184500044,551.8040815499957,348399.9,550.5999755859375,605.0499877929688,-1.5575012207031023
136,2024-09-05,585.0,589.9000244140625,578.5499877929688,580.7999877929688,149032,0.0,0.0,632.7790002441407,611.3427055544881,61.975525081802694,589.2117313357018,600.6832434333768,-11.471512097675031,-13.407429177642802,586.2200012207031,16.45251738426136,619.1250359892258,553.3149664521804,342002.2,550.5999755859375,605.0499877929688,-1.0575012207031023
135,2024-09-04,581.4000244140625,588.7000122070312,576.5499877929688,578.5,313735,0.0,0.0,634.8290002441406,612.5893470957747,62.141013110086476,590.7411392525623,602.2739038846094,-11.53276463204702,-13.891408447634744,587.2775024414062,16.762602110441257,620.8027066622888,553.7522982205237,336545.95,550.5999755859375,605.0499877929688,-0.7700012207031932
134,2024-09-03,596.0,596.0,585.0,586.4500122070312,182622,0.0,0.0,636.86,613.9807490180511,57.557440979633284,592.9668009348463,604.1758161953782,-11.209015260531828,-14.481069401531673,588.0475036621094,16.691736012830063,621.4309756877695,554.6640316364493,324757.7,550.5999755859375,605.0499877929688,-0.844998168945267
133,2024-09-02,597.2999877929688,606.5999755859375,588.7999877929688,590.0999755859375,392030,0.0,0.0,639.695,615.1044525613581,49.51455447706991,594.1516716126309,605.5938805144459,-11.442208901814979,-15.299082936781634,588.8925018310547,17.03093192313424,622.9543656773232,554.8306379847862,324501.3,550.5999755859375,605.0499877929688,-2.5425018310546648
132,2024-08-30,597.7000122070312,604.75,581.0499877929688,596.5,557809,0.0,0.0,642.6170007324218,616.125043458314,49.42885947669888,594.8883436174843,606.8333929087265,-11.945049291242185,-16.263301445523297,591.4350036621094,20.634973229799186,632.7049501217077,550.165057202511,306661.6,550.5999755859375,640.9500122070312,-2.4725006103516307
131,2024-08-29,606.7999877929688,612.0999755859375,587.0,592.2000122070312,669567,0.0,0.0,645.3840002441407,616.9260656402861,46.841189651330396,594.5953151842997,607.6600643414246,-13.06474915712488,-17.342864484093575,593.907504272461,23.967310047209498,641.84212436688,545.972884178042,283950.35,550.5999755859375,645.9500122070312,-3.0225006103514716
130,2024-08-28,595.0,615.0,592.5,601.8499755859375,457596,0.0,0.0,647.8209997558594,617.9352923110312,49.9627562806454,595.0308248165303,608.8968685121761,-13.866043695645772,-18.412393315835747,596.9300048828125,27.31807288005867,651.5661506429298,542.2938591226952,252598.1,550.5999755859375,652.6500244140625,-2.625
129,2024-08-27,600.9500122070312,600.9500122070312,587.0499877929688,594.9500122070312,258633,0.0,0.0,649.5609997558594,618.5918358508309,50.38759235819184,593.7909792220927,609.4606199462752,-15.6696407241825,-19.54898072088324,599.5550048828125,30.18739666915025,659.929798221113,539.180211544512,233478.8,550.5999755859375,654.3499755859375,-2.652499389648483
128,2024-08-26,596.3499755859375,601.4500122070312,591.9500122070312,599.7999877929688,290882,0.0,0.0,651.9489990234375,619.5568082444553,48.73259974923504,593.5802459521038,610.6214685654147,-17.04122261331088,-20.518815720058424,602.2075042724609,32.03558545189728,666.2786751762555,538.1363333686663,227318.4,550.5999755859375,654.3499755859375,-2.339999389648483
127,2024-08-23,605.0499877929688,612.7999877929688,592.0,596.0499877929688,249575,0.0,0.0,654.3239990234375,620.3632090792098,37.0902765639774,592.4493837992193,611.4871870272103,-19.03780322799105,-21.388213996745307,604.5475036621094,33.52507262876715,671.5976489196437,537.4973584045752,216328.3,550.5999755859375,654.3499755859375,-2.6399993896484375
126,2024-08-22,591.5,619.7000122070312,590.9500122070312,605.0499877929688,307150,0.0,0.0,656.0969995117188,621.3555854582401,37.963502490622,591.7947285276284,612.7221629659497,-20.927434438321256,-21.975816688933868,607.1875030517579,34.87254138293556,676.9325858176289,537.4424202858868,209035.7,550.5999755859375,654.3499755859375,-2.574999999999932
125,2024-08-21,594.2000122070312,604.3499755859375,582.0499877929688,589.9000244140625,195857,0.0,0.0,657.8840002441407,622.0211200568225,30.56674774440326,589.3846813884757,613.3359369797881,-23.951255591312474,-22.237912251587023,609.7625030517578,36.56663861754117,682.8957802868401,536.6292258166754,200763.7,550.5999755859375,656.5499877929688,-3.2399993896484602
124,2024-08-20,566.0999755859375,597.7999877929688,563.0,591.9000244140625,416525,0.0,0.0,659.0329992675781,623.3321851850983,30.623660654430097,589.2909826565508,615.2108099850462,-25.919827328495444,-21.809576416655656,613.0025024414062,37.571105839797546,688.1447141210014,537.8602907618111,230617.3,550.5999755859375,656.5499877929688,-5.149999999999977
123,2024-08-19,557.9500122070312,580.0,551.5,557.75,900025,0.0,0.0,659.3669982910156,624.6151305226916,16.160473744579605,588.8166114279123,617.075672830725,-28.259061402812677,-20.78201368869571,618.1525024414062,41.39133612169737,700.9351746848009,535.3698301980115,219049.4,550.5999755859375,694.9000244140625,-5.689999389648506
122,2024-08-16,562.0,562.0,540.0,553.4000244140625,430788,0.0,0.0,660.432998046875,627.3443195236177,14.263829094105517,594.4650862329873,621.821726657183,-27.35664042419569,-18.912751760166465,623.8425018310547,40.462405353253835,704.7673125375624,542.9176911245471,178879.1,550.5999755859375,694.9000244140625,-6.219998168945267
121,2024-08-14,569.5,572.7000122070312,545.0,550.5999755859375,605950,0.0,0.0,660.1709973144531,630.3624540178853,12.167878909235512,601.9314611091555,627.2954628366327,-25.364001727477216,-16.801779594159157,630.0625,38.58171015738611,707.2259203147722,552.8990796852278,179132.1,550.5999755859375,694.9000244140625,-7.147500610351585
120,2024-08-13,591.0,591.0,559.0,567.7000122070312,254701,0.0,0.0,661.0849975585937,633.6180653824546,13.117471314225028,611.2644584770132,633.4311018166884,-22.166643339675147,-14.661224060829642,637.2100006103516,36.257160334716716,709.724321279785,564.6956799409181,159139.05,567.7000122070312,694.9000244140625,-6.225000000000023
119,2024-08-12,598.2000122070312,605.1500244140625,588.0,591.5,90962,0.0,0.0,661.3749975585938,636.308598165125,17.9187556504028,619.1852668897374,638.6895889854609,-19.504322095723523,-12.784869241118265,643.4350006103516,34.331435819225916,712.0978722488035,574.7721289718997,160533.0,591.5,694.9000244140625,-4.195001220703034
118,2024-08-09,601.5,614.0,596.0999755859375,598.1500244140625,70924,0.0,0.0,661.3639978027344,638.1375205392117,13.3661288667561,624.2189517787806,642.4647561042977,-18.245804325517156,-11.105006027466949,647.6300018310546,32.74049478480537,713.1109914006654,582.1490122614439,161218.0,593.9000244140625,694.9000244140625,-4.619998168945358
117,2024-08-08,600.0,610.0,595.0,601.25,45681,0.0,0.0,661.1769970703125,639.7696632381974,26.92055370072252,628.9587567541839,646.0099346395165,-17.05117788533255,-9.319806452954397,652.25,31.89937249381754,716.0487449876351,588.4512550123649,169322.7,593.9000244140625,694.9000244140625,-3.8875000000000455
116,2024-08-07,609.0,614.25,595.0999755859375,601.9500122070312,39907,0.0,0.0,660.6999975585937,641.3418943907768,25.974029991330966,633.9967125276719,649.5907294106778,-15.594016883005906,-7.386963594859859,656.1375,30.040445297252447,716.218390594505,596.0566094054951,177575.45,593.9000244140625,694.9000244140625,-3.252499389648392
115,2024-08-06,607.0999755859375,619.9000244140625,588.8499755859375,593.9000244140625,77970,0.0,0.0,660.4529968261719,642.9497263166439,19.90336130271264,639.8233853132429,653.4019867869696,-13.578601473726735,-5.3352002728233465,659.3899993896484,27.257325183315103,713.9046497562787,604.8753490230182,180375.25,593.9000244140625,694.9000244140625,-3.8875000000000455
114,2024-08-05,635.0499877929688,635.0499877929688,596.2000122070312,603.3499755859375,177494,0.0,0.0,660.4419958496094,644.9517549657288,21.7846841115945,648.1730872949121,658.1621437768022,-9.989056481890088,-3.2743499725974994,663.2774993896485,22.5661507259354,708.4098008415193,618.1451979377777,181673.15,603.3499755859375,694.9000244140625,-3.7999999999999545
113,2024-08-02,635.0499877929688,645.0,630.0499877929688,640.9500122070312,35236,0.0,0.0,660.3589965820313,646.6497867771488,37.394796399795794,656.3227439692712,662.5471172320714,-6.2243732628002135,-1.5956733452743521,667.0774993896484,17.849676976235347,702.7768533421191,631.3781454371777,184881.75,640.9500122070312,694.9000244140625,-3.2424987792968523
112,2024-08-01,655.9500122070312,658.0,639.0,645.9500122070312,103584,0.0,0.0,659.8199963378906,646.8824306371537,34.809265041556316,659.1177861078603,664.2748856340746,-5.157099526214324,-0.4384983658928868,670.3199981689453,18.722513818445236,707.7650258058358,632.8749705320548,204831.95,645.9500122070312,705.7999877929688,-2.277499389648483
111,2024-07-31,663.7000122070312,663.7000122070312,650.5499877929688,652.6500244140625,42522,0.0,0.0,659.31099609375,646.9204885322607,41.31223456833849,661.511926817102,665.740875508238,-4.228948691135997,0.7411519241874727,672.5974975585938,18.369130487312255,709.3357585332183,635.8592365839693,207766.1,646.5999755859375,705.7999877929688,-1.0399993896484148
110,2024-07-30,651.9500122070312,661.0,649.0,654.3499755859375,75210,0.0,0.0,658.6019958496094,646.6866299248403,46.09446488790934,663.1231817994728,666.7881435957721,-3.6649617962992806,1.9836770780183401,673.6374969482422,17.759011447272563,709.1555198427873,638.1194740536971,213302.65,646.5999755859375,705.7999877929688,-2.0450012207031705
109,2024-07-29,656.7000122070312,665.5999755859375,644.5999755859375,648.0,135425,0.0,0.0,658.00599609375,646.3738403060199,42.62089721870125,664.7183102019338,667.7831970365588,-3.0648868346249856,3.395836796597745,675.6824981689454,17.775972061820923,711.2344422925872,640.1305540453035,217798.05,646.5999755859375,705.7999877929688,-1.067498779296784
108,2024-07-26,650.0,657.0,644.1500244140625,646.5999755859375,71080,0.0,0.0,657.6119958496093,646.3074664409595,40.16811335869778,667.7580029659217,669.3658527994835,-1.6078498335617724,5.011017704403427,676.7499969482421,16.630200075741648,710.0103970997254,643.4895967967589,216766.05,646.5999755859375,705.7999877929688,-1.0775024414062955
107,2024-07-25,650.0999755859375,665.0,647.0,648.8499755859375,103723,0.0,0.0,657.45099609375,646.2955272921849,35.072075903120634,671.6049170350097,671.1871229765673,0.41779405844249595,6.665734588894727,677.8274993896484,15.211531370089693,708.2505621298278,647.4044366494691,220154.85,648.8499755859375,705.7999877929688,-1.0725006103515398
106,2024-07-24,652.0,668.0,652.0,656.5499877929688,141710,0.0,0.0,656.94599609375,646.1912640965215,41.145166622801334,675.7421791166593,672.9740947678176,2.768084348841626,8.227719721507784,678.9,13.746548733755247,706.3930974675104,651.4069025324895,220755.85,654.7000122070312,705.7999877929688,-1.3374999999999773
105,2024-07-23,690.0,691.9000244140625,640.0,654.7000122070312,792929,0.0,0.0,656.97099609375,645.7684590476869,45.60992591178352,679.2316684482394,674.2880233258055,4.94364512243385,9.592628564674323,680.2375,12.720565945752396,705.6786318915048,654.7963681084951,220535.45,654.7000122070312,705.7999877929688,-1.2674987792969432
104,2024-07-22,677.0,700.0,665.0,694.9000244140625,185167,0.0,0.0,656.4689953613281,645.4039058575095,49.910331601057884,683.6919695830044,675.8550642153074,7.836905367697,10.754874425234442,681.5049987792969,11.216022319047003,703.9370434173909,659.0729541412029,214917.75,667.0,705.7999877929688,-1.6649993896484148
103,2024-07-19,681.2999877929688,681.9000244140625,663.5499877929688,671.5499877929688,96619,0.0,0.0,655.7399951171875,643.3836561205072,50.556401980170506,681.654141431903,674.331467399407,7.322674032496025,11.484366689618803,683.1699981689453,15.106180478751272,713.3823591264479,652.9576372114427,213702.7,667.0,728.2000122070312,-3.2325012207031705
102,2024-07-18,693.5499877929688,714.0,671.4000244140625,677.7999877929688,435848,0.0,0.0,655.0059948730469,642.2340099297945,52.504534473882224,683.4912602753457,674.553985767922,8.937274507423695,12.524789853899495,686.4024993896485,18.923549168305637,724.2495977262597,648.5554010530373,224214.1,667.0,736.2000122070312,-2.8524993896484148
101,2024-07-16,694.9500122070312,699.0,685.1500244140625,693.5499877929688,206089,0.0,0.0,653.9129956054687,640.7823373639507,56.49260691475726,684.5260370903233,674.2943056059182,10.231731484405032,13.421668690518445,689.2549987792969,21.66045783405961,732.5759144474162,645.9340831111776,242038.85,667.0,736.2000122070312,-1.0249999999999773
100,2024-07-15,676.0,699.5,669.5499877929688,692.2000122070312,282580,0.0,0.0,653.3429956054688,638.6285557137867,52.33351662033282,682.8853187807513,672.7538510309541,10.131467749797139,14.219152992046796,690.2799987792969,22.348513770908152,734.9770263211132,645.5829712374806,244026.5,667.0,736.2000122070312,0.16750183105466476
99,2024-07-12,685.0,693.25,672.7999877929688,675.4000244140625,104662,0.0,0.0,652.8089953613281,636.441965652838,48.68756208175032,681.1917381577913,671.198158136868,9.993580020923332,15.24107430260921,690.1124969482422,22.345919991546896,734.804336931336,645.4206569651484,239708.15,667.0,736.2000122070312,-1.9474975585936818
98,2024-07-11,673.5,698.8499755859375,668.0,690.5499877929688,233018,0.0,0.0,651.3079943847656,634.8518408054412,41.04210280514979,682.2447770202874,670.8620088346925,11.382768185594955,16.55294787303068,692.0599945068359,22.690835447648357,737.4416654021326,646.6783236115392,251619.75,667.0,736.2000122070312,-1.400000000000091
97,2024-07-10,665.0,685.5499877929688,642.0,679.0,210736,0.0,0.0,647.5029943847657,632.5784470508482,36.15681610241621,680.7347386979817,669.2869705180303,11.447768179951368,17.84549279488961,693.459994506836,23.44404971860077,740.3480939440375,646.5718950696345,284131.2,667.0,736.2000122070312,-0.285000610351517
96,2024-07-09,675.0,675.9500122070312,658.5499877929688,667.0,95903,0.0,0.0,644.079994506836,630.6836897876175,32.68691184147738,681.0501457339784,668.5099281594728,12.540217574505618,19.44492394862417,693.7449951171875,23.293174083446825,740.3313432840812,647.1586469502938,286770.45,667.0,736.2000122070312,-1.3700012207031023
95,2024-07-08,682.0,685.25,663.0,671.6500244140625,103928,0.0,0.0,640.5059942626954,629.2013914116019,40.004719363346375,683.6047176856108,668.6307224122306,14.973995273380183,21.171100542153802,695.1149963378906,22.427031916886918,739.9690601716644,650.2609325041168,331937.45,668.1500244140625,736.2000122070312,1.2150024414062273
94,2024-07-05,703.0999755859375,705.0,676.6500244140625,679.3499755859375,241666,0.0,0.0,636.6459936523438,627.4687941461954,47.93118444900613,685.7782982804379,668.3891782520841,17.389120028353773,22.720376859347205,693.8999938964844,24.34168087957281,742.58335565563,645.2166321373387,354756.15,647.3499755859375,736.2000122070312,3.5375000000000227
93,2024-07-04,698.4000244140625,709.4500122070312,685.0,705.7999877929688,434240,0.0,0.0,632.7859942626953,625.3511949037569,48.13033256891448,686.9470842248925,667.5123144653758,19.434769759516712,24.05319106709556,690.3624938964844,30.84079927522416,752.0440924469327,628.680895346036,365005.9,608.5999755859375,736.2000122070312,4.7374999999999545
92,2024-07-03,680.2000122070312,702.6500244140625,674.0,691.5,162267,0.0,0.0,628.1329943847657,622.0675707041972,43.81148723316492,683.5192835761513,664.4493005991683,19.069982976983056,25.20779639399027,685.6249938964844,35.29963648267795,756.2242668618403,615.0257209311285,385613.8,608.5999755859375,736.2000122070312,7.560000610351608
91,2024-07-02,701.0,701.0,666.6500244140625,673.4500122070312,153253,0.0,0.0,623.3519946289063,619.2335939982461,47.59974372263705,682.0682442263608,662.2852446471018,19.782999579259013,26.742249748242077,678.0649932861328,47.9127451992711,773.890483684675,582.2395028875906,407344.4,540.2999877929688,736.2000122070312,3.857501220703057
90,2024-07-01,672.0,697.8499755859375,666.0,695.25,165118,0.0,0.0,618.8909942626954,617.020678969316,50.19122060426041,683.6351955026025,661.3920632423075,22.243132260295056,28.48206229048784,674.2074920654297,51.290505768436034,776.7885036023018,571.6264805285576,406458.85,540.2999877929688,736.2000122070312,5.652499389648483
89,2024-06-28,670.7000122070312,678.7000122070312,664.7000122070312,669.3499755859375,114785,0.0,0.0,613.898994140625,613.8276454578595,54.5193093248369,681.5234128667121,658.6834283016921,22.839984565020018,30.041794798036037,668.5549926757812,54.94838625108739,778.4517651779561,558.6582201736064,401893.4,540.2999877929688,736.2000122070312,3.9199981689453125
88,2024-06-27,670.2999877929688,683.0999755859375,654.0,668.1500244140625,138856,0.0,0.0,609.2139947509766,611.5614279016114,60.597977096235,683.7367650995802,657.8301045189525,25.906660580627772,31.842247356290038,664.6349945068359,57.62024094434911,779.8754763955342,549.3945126181377,400039.1,540.2999877929688,736.2000122070312,3.967501831054733
87,2024-06-26,684.0,689.5999755859375,666.25,670.2999877929688,115743,0.0,0.0,604.7019940185547,609.2516892684501,60.53332876157606,686.5707179514926,657.0045109273437,29.566207024148866,33.3261440502056,660.6674926757812,60.04626398635745,780.7600206484962,540.5749647030663,395975.65,540.2999877929688,736.2000122070312,4.6449981689452216
86,2024-06-25,686.9500122070312,694.9000244140625,680.5999755859375,683.2999877929688,137302,0.0,0.0,600.4759942626953,606.759921981735,71.09143783292505,689.5290325257696,655.9408727780938,33.58815974767583,34.26612830671978,656.022494506836,62.79234310697229,781.6071807207805,530.4378082928914,395387.3,540.2999877929688,736.2000122070312,4.685000610351608
85,2024-06-24,727.5,735.0,673.5,680.0499877929688,680575,0.0,0.0,596.1539947509766,603.6358376629091,60.6892117298394,690.6615861135516,653.7521435769038,36.909442536647816,34.43562044648076,651.3374938964844,64.13127715038613,779.6000481972567,523.0749395957121,394393.35,540.2999877929688,736.2000122070312,4.335000610351585
84,2024-06-21,739.8499755859375,740.1500244140625,716.7000122070312,728.2000122070312,160866,0.0,0.0,592.0529949951172,600.5168927596413,70.40815908655797,692.5909676263849,651.6483160396185,40.942651586766374,33.817164923938996,647.0024932861328,65.01250642359373,777.0275061333202,516.9774804389453,365624.95,540.2999877929688,736.2000122070312,6.449999999999932
83,2024-06-20,737.9000244140625,760.0,722.0499877929688,736.2000122070312,306847,0.0,0.0,586.9019946289062,595.3053368638294,70.26084116627611,686.1165958844492,645.5241803462255,40.59241553822369,32.035793258232154,640.5524932861329,62.89752901032415,766.3475513067812,514.7574352654846,375416.05,540.2999877929688,736.2000122070312,6.1100006103515625
82,2024-06-19,719.6500244140625,760.9000244140625,702.0,734.8499755859375,792343,0.0,0.0,581.5259942626953,589.5545337885967,70.32706513286803,677.0105201894343,638.2701137973611,38.74040639207317,29.896637688234268,634.4424926757813,58.927175765963966,752.2968442077092,516.5881411438534,370784.95,540.2999877929688,734.8499755859375,5.717498779296875
81,2024-06-18,688.8499755859375,722.0499877929688,688.8499755859375,714.0499877929688,245842,0.0,0.0,575.4739947509765,583.6241075927869,69.52979120692582,666.4942555718882,630.543724854275,35.95053071761322,27.685695512274542,628.7249938964844,54.01498986058316,736.7549736176508,520.6950141753181,340323.2,540.2999877929688,718.5499877929688,4.842498779296875
80,2024-06-14,720.0,720.9500122070312,682.0,688.8499755859375,196213,0.0,0.0,569.6809948730469,578.3006022784938,64.73207765969977,657.8477588044191,623.8632238191794,33.984534985239634,25.61948671093987,623.8824951171875,50.1672141805448,724.2169234782772,523.5480667560979,335663.4,540.2999877929688,718.5499877929688,3.214999389648483
79,2024-06-13,720.0,730.0,708.6500244140625,714.3499755859375,342894,0.0,0.0,564.2979956054687,573.7883829598226,69.20025537529747,652.2109921168703,618.6642836778387,33.54670843903159,23.52822464236493,620.6674957275391,47.78856161346919,716.2446189544775,525.0903725006007,342591.6,540.2999877929688,718.5499877929688,4.30249938964846
78,2024-06-12,685.0,723.7000122070312,685.0,718.5499877929688,883247,0.0,0.0,558.2029962158203,568.0511750975321,68.83977515168705,640.9129951224945,611.0094283251908,29.90356679730371,21.02360369319826,616.3649963378906,42.49012497247456,701.3452462828398,531.3847463929415,334020.7,540.2999877929688,718.5499877929688,4.0
77,2024-06-11,690.0,706.9000244140625,676.6500244140625,684.7000122070312,263521,0.0,0.0,551.9349963378907,561.9083664160858,61.87437173463465,626.7971782733174,602.4061835677685,24.390994705548906,18.803612917171897,612.3649963378906,35.56551038542607,683.4960171087428,541.2339755670384,297568.9,540.2999877929688,694.4000244140625,3.0550018310547102
76,2024-06-10,655.0,740.0,650.0,694.4000244140625,999243,0.0,0.0,546.1729962158203,556.8964625062513,62.54669344890705,616.2693902853695,595.8226772766275,20.446713008741995,17.406767470077646,609.3099945068359,31.406012301285514,672.1220191094069,546.4979699042649,307670.9,540.2999877929688,694.4000244140625,1.8300018310546875
75,2024-06-07,610.0,657.0,609.2000122070312,647.3499755859375,560302,0.0,0.0,540.0949957275391,551.2840722242998,56.01195826873828,602.0638204437889,587.9364895056327,14.127330938156206,16.646781085411558,607.4799926757812,26.935012129533952,661.3500169348491,553.6099684167133,280815.5,540.2999877929688,657.7999877929688,0.8874999999999318
74,2024-06-06,615.5,624.0,595.5999755859375,608.5999755859375,446661,0.0,0.0,534.89099609375,547.363014944233,46.36425383622871,593.8299740543074,583.1834106192083,10.646563435099097,17.276643622225393,606.5924926757813,25.82158182568884,658.235656327159,554.9493290244036,277401.05,540.2999877929688,657.7999877929688,-2.4925018310547102
73,2024-06-05,549.9500122070312,619.0,545.0,611.0499877929688,846398,0.0,0.0,530.3609967041016,544.863547162939,46.09109276352041,591.1445192303747,581.15008542187,9.99443380850471,18.934163669006967,609.084994506836,28.311471274097872,665.7079370550317,552.4620519586402,334100.6,540.2999877929688,658.4500122070312,-1.189999389648392
72,2024-06-04,596.0999755859375,596.0999755859375,477.0499877929688,540.2999877929688,596879,0.0,0.0,525.7759967041015,542.1620597902847,19.325613515169806,587.525343128085,578.7580932321821,8.767249895902864,21.16909613413253,610.2749938964844,28.89263226865426,668.0602584337929,552.4897293591758,315243.4,540.2999877929688,658.4500122070312,-4.1425018310546875
71,2024-06-03,610.0,610.0,584.0,596.2999877929688,135542,0.0,0.0,522.7549969482421,542.2380627289507,38.5390397231021,596.1117713708334,581.8347416673191,14.277029703514245,24.269557693689944,614.4174957275391,23.827182941976183,662.0718616114914,566.7631298435867,322277.8,577.4000244140625,658.4500122070312,-3.4375
70,2024-05-31,598.0,598.0,575.0,582.2000122070312,73809,0.0,0.0,518.6749969482422,540.0314535426642,22.84482683022223,596.0775502031723,580.6775219772671,15.400028225905203,26.76768969123387,617.8549957275391,25.941264959270246,669.7375256460796,565.9724658089985,498543.4,577.4000244140625,665.0499877929688,-4.164999389648415
69,2024-05-30,586.0,595.5,582.2000122070312,590.9500122070312,77699,0.0,0.0,514.8849969482421,538.310287882894,37.819107374579744,598.6007389297434,580.5557227588861,18.045016170857366,29.609605057566036,622.0199951171875,26.594280657407143,675.2085564320017,568.8314338023732,928301.55,577.4000244140625,665.5,-0.4699981689453807
68,2024-05-29,583.7000122070312,594.7000122070312,573.0,588.7999877929688,57587,0.0,0.0,510.7279968261719,536.1617277063986,31.211212951638814,599.9917801520547,579.7241796030345,20.267600549020244,32.5007522792432,622.4899932861329,26.09465306481182,674.6792994157565,570.3006871565092,1329162.9,577.4000244140625,665.5,4.425000000000068
67,2024-05-28,593.9500122070312,603.9000244140625,571.4500122070312,577.4000244140625,103976,0.0,0.0,507.1369970703125,534.0132272947019,35.459393325217974,602.0266514900704,578.9981149478397,23.028536542230768,35.55904021179894,618.0649932861328,37.2342908770192,692.5335750401712,543.5964115320944,1362178.8,500.2999877929688,665.5,3.4775009155273438
66,2024-05-27,597.0,604.0,581.0,589.5999755859375,117423,0.0,0.0,504.28599670410154,532.2423376163606,41.486921970420646,606.5042200493447,579.1259621905418,27.37825785880284,38.69166612919098,614.5874923706054,43.88579639492726,702.3590851604599,526.815899580751,1385953.5,500.2999877929688,665.5,5.064999389648392
65,2024-05-24,590.0,599.0,587.0,593.3499755859375,105207,0.0,0.0,501.2879974365234,529.9012095359698,34.757651257280045,609.5777190426913,578.2880411189102,31.28967792378114,41.520018196788,609.522492980957,52.01435673277492,713.5512064465069,505.4937795154072,1392069.4,488.2999877929688,665.5,5.7349990844726335
64,2024-05-23,618.7000122070312,623.9000244140625,590.0,599.2000122070312,356688,0.0,0.0,498.137998046875,527.3114639829098,35.574414422358515,612.5282178530102,577.083086361548,35.445131491462234,44.07760326503971,603.7874938964844,59.653662360728475,723.0948186179414,484.48016917502747,1394223.1,478.6499938964844,665.5,5.642500305175872
63,2024-05-22,615.0,626.0,606.5,614.0,214225,0.0,0.0,495.0589978027344,524.3772375247823,52.43619904060543,614.9515279704609,575.3137322939094,39.63779567655149,46.235721208434086,598.1449935913085,65.1905674420458,728.5261284754001,467.76385870721697,1411636.85,478.6499938964844,665.5,7.042500305175736
62,2024-05-21,635.0,640.0,616.1500244140625,620.5,183108,0.0,0.0,491.69499755859374,520.7191655870183,66.08242016064479,615.1245330559992,572.2188308774221,42.905702178577144,47.885202591404735,591.1024932861328,70.75786141721714,732.6182161205671,449.5867704516985,1415241.35,473.1499938964844,665.5,8.402499389648483
61,2024-05-17,627.7000122070312,637.75,609.1500244140625,617.2000122070312,152646,0.0,0.0,488.39299743652344,516.6464784681211,64.46619840485013,614.1471754298173,568.3563373476159,45.79083808220139,49.13007769461163,582.6999938964843,76.80291979200365,736.3058334804916,429.09415431247703,1413475.5,452.4500122070313,665.5,8.340000915527298
60,2024-05-16,637.0,651.5999755859375,622.0,624.5499877929688,334777,0.0,0.0,485.01299743652345,512.5422526012269,67.46122903486254,613.5921141975965,564.4488433588626,49.14327083873388,49.96488759771418,574.359992980957,81.75605810938384,737.8721091997247,410.84787676218934,1411480.05,450.3999938964844,665.5,8.944999694824219
59,2024-05-15,660.0,660.0499877929688,625.4500122070312,628.2999877929688,171476,0.0,0.0,481.58899780273435,507.97050830768643,68.89281200798072,611.5997735438924,559.6407518041341,51.95902173975833,50.17029178745925,565.4149932861328,85.66887772679458,736.7527487397219,394.0772378325437,1402992.25,445.6499938964844,665.5,9.659999084472702
58,2024-05-14,632.0,642.0,630.0,638.5499877929688,154211,0.0,0.0,478.1099981689453,503.0591009817565,69.33925619799459,608.5633709531512,554.1480129250273,54.41535802812393,49.72310929938447,555.7549942016601,89.03137747074928,733.8177491431586,377.69223926016156,1404119.2,435.1000061035156,665.5,9.799999999999955
57,2024-05-13,650.0,658.75,615.0,623.5999755859375,465561,0.0,0.0,474.4179986572266,497.52886070374785,69.20229055890351,603.1112588004571,547.395854935592,55.71540386486515,48.550047117199604,545.9549942016602,90.21748570877543,726.389965619211,365.5200227841093,1411609.05,435.1000061035156,665.5,8.22999877929692
56,2024-05-10,641.9500122070312,673.0,637.0999755859375,657.7999877929688,462135,0.0,0.0,471.1189990234375,492.3831009126381,77.14473793129824,599.3860375667334,541.2995252835643,58.0865122831691,46.758707930283215,537.7249954223632,90.26932512412955,718.2636456706223,357.18634517410413,1395971.25,435.1000061035156,665.5,9.529998779296875
55,2024-05-09,659.5499877929688,663.7000122070312,625.0,629.5999755859375,492013,0.0,0.0,467.09299926757814,485.6313912440532,75.44730865087803,588.7653193437815,531.979488282812,56.785831060969485,43.926756842061735,528.1949966430664,86.92459588904576,702.0441884211579,354.34580486497487,1383360.6,435.1000061035156,665.5,7.729998779296807
54,2024-05-08,629.9500122070312,665.0,621.0,658.4500122070312,1580652,0.0,0.0,463.7539996337891,479.75512249540486,82.43902416331369,581.3408363906622,524.169849298562,57.17098709210018,40.7119882873348,520.4649978637696,84.26571455189811,688.9964269675658,351.93356875997335,1395472.2,435.1000061035156,665.5,9.390000915527366
53,2024-05-07,629.0,642.0,608.7999877929688,634.8499755859375,469254,0.0,0.0,459.5089996337891,472.46145352758333,81.71137975797366,567.3209862422315,513.4274362658845,53.893549976347,36.59723858614345,511.0749969482422,78.33522109732733,667.7454391428969,354.4045547535875,1349617.75,435.1000061035156,665.5,8.372499084472679
52,2024-05-06,666.0,674.0,620.0,623.1500244140625,737567,0.0,0.0,455.5429998779297,465.83335058642604,79.06340996548676,555.0429881797395,503.71363312028024,51.32935505945926,32.27316073859255,502.7024978637695,73.1893780614428,649.0812539866552,356.3237417408839,1406260.55,435.1000061035156,665.5,9.545001220703114
51,2024-05-03,672.0,697.7999877929688,656.0,665.0499877929688,3660854,0.0,0.0,451.47199951171876,459.4122618587674,86.11743097358597,542.6598906825899,494.15872181677764,48.50116886581225,27.50911215837587,493.1574966430664,68.98162340969087,631.1207434624481,355.1942498236847,1379107.3,432.25,665.5,12.032499694824196
50,2024-05-02,608.0,698.75,601.4500122070312,665.5,8668972,0.0,0.0,446.73899963378904,451.01888529002446,83.83958131141401,520.4071457534301,480.48742053868233,39.91972521474776,22.261097981516777,481.1249969482422,57.44368761464064,596.0123721775235,366.2376217189609,1203607.95,424.3999938964844,665.5,12.289999389648472
49,2024-04-30,567.0,600.3499755859375,549.0999755859375,600.3499755859375,8094926,0.0,0.0,440.79199951171876,442.26455407737234,76.59663963490286,494.0266267995082,465.6864141817769,28.34021261773131,17.84644117320903,468.8349975585937,39.372561236937266,547.5801200324682,390.0898750847192,776102.05,419.7000122070313,600.3499755859375,9.537498474121094
48,2024-04-29,517.4000244140625,529.7999877929688,492.0,500.2999877929688,717905,0.0,0.0,,435.81208789334926,60.593063538690394,474.69510883833925,454.91332926944403,19.781779568895217,15.222998312078461,459.29749908447263,26.996189022511658,513.289877129496,405.3051210394493,379591.6,409.6000061035156,507.8500061035156,4.757499694824219
47,2024-04-26,495.6000061035156,512.4000244140625,490.25,507.8500061035156,579470,0.0,0.0,,433.17992871377294,64.90969588164626,470.0396763011339,451.28239658756206,18.757279713571847,14.08330299787427,454.5399993896484,27.7632494532954,510.0664982962392,399.0135004830576,357807.75,405.1499938964844,507.8500061035156,5.5625
46,2024-04-25,482.6000061035156,497.0,477.0,488.2999877929688,239741,0.0,0.0,,430.1321704529671,68.52892158445249,463.165070882519,446.7569878262858,16.40808305623318,12.914808818949876,448.9774993896484,27.664741254677477,504.30698189900335,393.6480168802935,340261.75,396.6000061035156,488.2999877929688,4.8899993896484375
45,2024-04-24,482.0,491.6499938964844,476.0499877929688,478.6499938964844,148281,0.0,0.0,,427.7579738268446,68.14988142150438,458.5950859897099,443.4335478289512,15.16153816075871,12.041490259629047,444.0875,28.961442811815083,502.01038562363016,386.1646143763698,334101.85,390.5,486.3500061035156,4.574999999999989
44,2024-04-23,472.5,496.4500122070313,472.5,486.3500061035156,704963,0.0,0.0,,425.6807485178797,72.75520731638449,454.94873909756905,440.61623214354853,14.332506954020516,11.26147828434663,439.5125,30.40536599286561,500.32323198573124,378.70176801426874,334954.75,387.1499938964844,486.3500061035156,5.212499999999977
43,2024-04-22,459.7999877929688,475.6499938964844,455.3999938964844,473.1499938964844,286315,0.0,0.0,,423.20445228989456,72.16602672348239,449.23941782376056,436.95753022675115,12.281887597009415,10.493721116928159,434.3,30.885423826969426,496.07084765393887,372.52915234606115,307568.65,382.1000061035156,475.0,4.56750030517577
42,2024-04-19,448.0499877929688,458.6000061035156,441.0,452.4500122070313,147791,0.0,0.0,,421.16585875493166,68.60740206102892,444.8920403559926,434.0621331331725,10.829907222820111,10.046679496907844,429.73249969482424,31.584445513646042,492.90139072211633,366.56360866753215,299483.35,381.7999877929688,475.0,3.160000610351574
41,2024-04-18,443.25,457.0,443.25,450.3999938964844,112737,0.0,0.0,,419.888954532397,70.13472964984271,443.51786365580375,432.5911028072638,10.92676084853997,9.850872565429777,426.57249908447267,32.34436589621441,491.2612308769015,361.88376729204384,303197.35,381.7999877929688,475.0,2.905000305175804
40,2024-04-16,438.9500122070313,451.8500061035156,430.5499877929688,445.6499938964844,165021,0.0,0.0,,418.64360598692406,70.43349439772268,442.2665672484073,431.1663915201261,11.100175728281158,9.581900494652228,423.66749877929686,32.69884682103457,489.065192421366,358.2698051372277,309775.7,381.7999877929688,475.0,2.6474990844726562
39,2024-04-15,437.0,443.9500122070313,422.6499938964844,435.1000061035156,194015,0.0,0.0,,417.5413044395951,68.76712806537427,441.6513987669387,430.0077033300174,11.643695436921291,9.202331686244994,421.0199996948242,32.96780502093135,486.95560973668694,355.0843896529615,321704.45,381.7999877929688,475.0,2.599999999999966
38,2024-04-12,459.0,459.0,440.1499938964844,442.5499877929688,304008,0.0,0.0,,416.8246227390269,74.11247656403496,442.8425610693793,429.60031910813757,13.242241961241746,8.591990748575919,418.41999969482424,33.837947028961196,486.09589375274663,350.74410563690185,361148.45,381.7999877929688,475.0,1.6649993896484716
37,2024-04-10,466.0,467.5,454.1499938964844,459.0,152805,0.0,0.0,,415.774607838866,85.34798698587528,442.89575621054485,428.56434561335107,14.33141059719378,7.429427945409461,416.75500030517577,33.40462829025877,483.56425688569334,349.9457437246582,364203.65,381.7999877929688,475.0,1.2074996948242074
36,2024-04-09,479.0,479.0,462.0,467.2000122070313,209922,0.0,0.0,,414.01030611800337,85.93822196083516,439.9677118851893,426.12949326241915,13.838218622770171,5.703932282463382,415.54750061035156,32.21240587949653,479.97231236934465,351.1226888513585,368419.2,381.7999877929688,475.0,1.375
35,2024-04-08,469.1000061035156,490.8500061035156,457.1000061035156,475.0,734245,0.0,0.0,,411.83929770620625,89.87463957184755,435.0163845539453,422.8438517468502,12.172532807095081,3.670360697386684,414.17250061035156,30.429117046658536,475.03073470366866,353.31426651703447,366967.3,381.7999877929688,475.0,1.9574996948242074
34,2024-04-05,465.9500122070313,473.7000122070313,451.1000061035156,470.6499938964844,663563,0.0,0.0,,409.26130985747994,89.07266057212716,427.7466362910262,418.6713598865982,9.075276404427996,1.5448176699595841,412.21500091552736,27.42068522105299,467.05637135763334,357.3736304734214,347271.75,381.7999877929688,470.6499938964844,1.2699996948242074
33,2024-04-04,433.0,470.0,432.9500122070313,467.3999938964844,1602110,0.0,0.0,,406.75564928445937,89.72665348553191,419.9460258173066,414.51306916580734,5.432956651499239,-0.337797013657519,410.94500122070315,25.058237806294102,461.06147683329135,360.82852560811494,326908.9,381.7999877929688,467.3999938964844,1.0800003051758154
32,2024-04-03,423.7000122070313,433.8999938964844,417.6000061035156,432.25,194502,0.0,0.0,,404.28036991254,61.84345588341598,411.3180316210925,410.28211518735316,1.0359164337393167,-1.7804854299467086,409.86500091552733,22.86662269372416,455.59824630297567,364.131755528079,284672.75,381.7999877929688,445.7999877929688,-1.1574996948242529
31,2024-04-02,419.7000122070313,427.7000122070313,413.0499877929688,424.3999938964844,150867,0.0,0.0,,403.1387523579498,45.45058385940821,407.51221918856385,408.5246844023414,-1.0124652137775456,-2.4845858958682148,411.0225006103516,24.58103411577743,460.18456884190647,361.8604323787967,293973.05,381.7999877929688,455.3999938964844,-1.190000915527321
30,2024-04-01,419.8999938964844,420.7000122070313,414.1000061035156,419.7000122070313,118854,0.0,0.0,,402.27094658086673,41.30435244121921,404.44171469621466,407.25465964280994,-2.8129449465952803,-2.8526160663908824,412.2125015258789,25.808205064261887,463.8289116544027,360.5960913973551,300639.9,381.7999877929688,455.3999938964844,-1.6824996948242301
29,2024-03-28,409.7999877929688,419.0,406.0,409.6000061035156,164717,0.0,0.0,,401.5595561471457,37.931041256375025,401.6674787851571,406.2590314376722,-4.591552652515134,-2.862533846339783,413.89500122070314,27.37153812414976,468.63807746900267,359.1519249724036,360342.15,381.7999877929688,455.3999938964844,-2.2375000000000114
28,2024-03-27,396.6499938964844,407.2999877929688,396.6499938964844,405.1499938964844,282228,0.0,0.0,,401.2313745162735,32.365879052200086,400.22520109091005,405.9917534644047,-5.766552373494676,-2.4302791447959455,416.13250122070315,28.794053843738013,473.7206089081792,358.5443935332271,397117.1,381.7999877929688,455.3999938964844,-2.440000915527321
27,2024-03-26,388.9500122070313,406.2000122070313,386.0,396.6000061035156,228550,0.0,0.0,,401.07143086810163,26.72660274242338,399.3297842171693,406.0590942298383,-6.729310012669032,-1.5962108376212625,418.57250213623047,29.86225374782002,478.29700963187054,358.8479946405904,402487.7,381.7999877929688,455.3999938964844,-3.1024993896484148
26,2024-03-22,380.0,394.0,380.0,390.5,116543,0.0,0.0,,401.25393800135004,20.28389720498781,399.82610751056086,406.8158212799441,-6.989713769383229,-0.31293604385932006,421.6750015258789,30.671634841979408,483.0182712098377,360.3317318419201,467883.5,381.7999877929688,458.6499938964844,-3.3000000000000114
25,2024-03-21,391.0,392.2000122070313,384.75,387.1499938964844,165339,0.0,0.0,,401.69287424630306,22.998669428410295,401.5217634215719,408.1210869823396,-6.599323560767687,1.3562583875216574,424.9750015258789,30.69144771353358,486.3578969529461,363.5921060988117,538062.35,381.7999877929688,458.6499938964844,-3.775000000000034
24,2024-03-20,389.8999938964844,389.8999938964844,375.0,382.1000061035156,157241,0.0,0.0,,402.28646119935684,18.515252043045564,404.1348124261333,409.79877442920804,-5.663962003074744,3.3451538745939935,428.75000152587893,30.43629727139357,489.6225960686661,367.87740698309176,731753.95,381.7999877929688,462.6499938964844,-3.2050003051757585
23,2024-03-19,386.0,390.7000122070313,378.5,381.7999877929688,124609,0.0,0.0,,403.11039814204423,18.137894413206155,408.1411408484274,412.01467589526345,-3.8735350468360252,5.597432844011178,431.9550018310547,28.583981436979712,489.1229647050141,374.78703895709526,794749.4,381.7999877929688,462.6499938964844,-2.7375000000000114
22,2024-03-18,392.5,394.25,386.1000061035156,389.25,222071,0.0,0.0,,403.9802108093534,19.70972865069426,412.93044140396535,414.431850943447,-1.5014095394816422,7.965174816722978,434.6925018310547,26.035953116322982,486.76440806370067,382.6205955984087,944142.1,383.1000061035156,462.6499938964844,-1.5175003051757585
21,2024-03-15,395.6000061035156,399.6499938964844,388.0499877929688,392.2999877929688,244304,0.0,0.0,,404.58144390361275,19.409858319059452,417.2359762046863,416.44639901892276,0.7895771857635623,10.331820905774133,436.21000213623046,24.057226236761945,484.32445460975435,388.09554966270656,1085974.9,383.1000061035156,462.6499938964844,-1.8050003051757812
20,2024-03-14,388.9500122070313,395.8999938964844,382.0,392.7000122070313,403596,0.0,0.0,,405.0827278264961,21.052624291338333,421.76979227954405,418.3781119169991,3.391680362544946,12.717381835776775,438.01500244140624,21.841533222851947,481.69806888711014,394.33193599570234,1414763.05,383.1000061035156,462.6499938964844,1.2275009155273438
19,2024-03-13,407.0,413.3500061035156,368.2000122070313,383.1000061035156,982895,0.0,0.0,,405.5881447905559,12.74003125230486,427.05520683818276,420.4323598937965,6.622846944386254,15.048807204084731,436.7875015258789,24.985822091382424,486.75914570864376,386.81585734311403,1673289.85,368.1499938964844,462.6499938964844,
18,2024-03-12,431.2000122070313,437.9500122070313,405.75,409.25,365112,0.0,0.0,,406.50602800227176,30.96340026137274,435.0470615172132,423.41894819701895,11.628113320194245,17.15529726900935,,,,,,,,
17,2024-03-11,437.0,439.4500122070313,426.1499938964844,434.8500061035156,237116,0.0,0.0,,406.3940291452216,48.95192179968787,439.73743633852473,424.55246405278046,15.184972285744266,18.537093256213122,,,,,,,,
16,2024-03-07,431.75,442.9500122070313,431.75,439.7000122070313,180884,0.0,0.0,,405.23256069794434,60.78327425732043,440.6260600176173,423.7286606887217,16.89739932889563,19.375123498830334,,,,,,,,
15,2024-03-06,444.8999938964844,444.8999938964844,432.0,435.8500061035156,340334,0.0,0.0,,403.8257259424714,53.79522140579372,440.79443234681474,422.45095256725693,18.34347977955781,19.99455454131401,,,,,,,,
14,2024-03-05,444.5,449.3999938964844,437.9500122070313,445.25,256306,0.0,0.0,,402.51861246651043,75.8725011669397,441.6934189365055,421.37902828435625,20.314390652149257,20.407323231753058,,,,,,,,
13,2024-03-04,451.2999877929688,457.0,430.0,445.7999877929688,757387,0.0,0.0,,400.7744741998374,76.1535989895583,441.046767834052,419.4693505471048,21.577417286947195,20.430556376654007,,,,,,,,
12,2024-03-01,450.2000122070313,465.0,446.0,455.3999938964844,380508,0.0,0.0,,398.93669813481165,81.41881659858365,440.18254602333985,417.36289956743565,22.819646455904206,20.143841149080707,,,,,,,,
11,2024-02-29,450.25,453.8500061035156,437.1499938964844,448.2000122070313,284204,0.0,0.0,,396.6320738180087,80.40260506432114,437.4157373191317,414.31993202111175,23.095805298019968,19.47488982237483,,,,,,,,
10,2024-02-28,451.1499938964844,460.0,417.9500122070313,453.3500061035156,1312899,0.0,0.0,,394.5272600062118,83.67591040131241,435.4549600667864,411.6095256062382,23.845434460548177,18.569660953463547,,,,,,,,
9,2024-02-27,457.0,466.0,452.1000061035156,454.3500061035156,900216,0.0,0.0,,392.12633159407693,84.34265104749514,432.20131533283563,408.270287166456,23.931028166379633,17.250717576692388,,,,,,,,
8,2024-02-26,458.4500122070313,458.5,448.0,453.9500122070313,389640,0.0,0.0,,389.58658977736513,84.29258832354506,428.17428064725743,404.58390965149124,23.590370995766193,15.580639929270575,,,,,,,,
7,2024-02-23,466.8500061035156,475.8999938964844,454.2999877929688,458.6499938964844,1536466,0.0,0.0,,386.95951131084814,87.58306790974297,423.48778400002584,400.634621447048,22.853162552977835,13.57820716264667,,,,,,,,
6,2024-02-22,469.8999938964844,473.0,451.5499877929688,456.5,1520120,0.0,0.0,,384.0333691644956,87.3573060907424,417.09465492794243,395.99339165109313,21.101263276849295,11.259468315063879,,,,,,,,
5,2024-02-21,449.0,482.0,442.5,462.6499938964844,4039171,0.0,0.0,,381.07554749774033,92.14987537064846,409.9300467330229,391.1528629831806,18.777183749842266,8.799019574617525,,,,,,,,
4,2024-02-20,437.9500122070313,449.5,428.1000061035156,446.2000122070313,1417150,0.0,0.0,,377.74597825697526,90.79980307945196,400.3446017942117,385.43309251011635,14.91150928409536,6.304478530811338,,,,,,,,
3,2024-02-19,437.1000061035156,455.0,430.0,436.5499877929688,3112463,0.0,0.0,,374.95193605493216,89.7674524236111,392.0072544464264,380.5717389343631,11.435515512063262,4.152720842490332,,,,,,,,
2,2024-02-16,429.0,448.25,415.4500122070313,419.6000061035156,3058727,0.0,0.0,,372.43772986154295,87.25562730097276,383.90857565614596,376.09347902567464,7.8150966304713165,2.3320221750970997,,,,,,,,
1,2024-02-15,375.0,438.0,371.0,428.3999938964844,6820067,0.0,0.0,,370.5127389945236,100.0,377.4192246657151,372.61295685944737,4.806267806267726,0.9612535612535453,,,,,,,,
0,2024-02-14,396.0,409.0,365.0,368.1499938964844,5574132,0.0,0.0,,368.1499938964844,,368.1499938964844,368.1499938964844,0.0,0.0,,,,,,,,
