,stock,current_date,last_evaluation_date,future_start_date,future_end_date,past_start_date,past_end_date,price_xy_years_ago,price_x_years_ago,price_current,past_performance_cagr_y,future_performance_cagr_x
0,BEL,2025-10-05,2023-04-07,2020-10-07,2023-04-07,2019-04-08,2020-10-07,28.032909393310547,29.119251251220703,97.3145751953125,2.5647147303895723,62.16016916048193
1,PRAKASH,2025-10-05,2023-04-07,2020-10-07,2023-04-07,2019-04-08,2020-10-07,73.89697265625,39.8032341003418,52.22621536254883,-33.77459994466332,11.497665642262
2,TIIL,2025-10-05,2023-04-07,2020-10-07,2023-04-07,2019-04-08,2020-10-07,541.0499877929688,344.8999938964844,1387.3499755859375,-25.91058922473033,74.66072835235455
3,SELMC,2025-10-05,2023-04-07,2020-10-07,2023-04-07,2019-04-08,2020-10-07,1250.0,2600.0,151.5500030517578,62.872871850793665,-67.98009549026096
4,GODREJIND,2025-10-05,2023-04-07,2020-10-07,2023-04-07,2019-04-08,2020-10-07,529.2339477539062,395.9500122070313,423.9500122070313,-17.572570277939846,2.7754200758957737
5,PURVA,2025-10-05,2023-04-07,2020-10-07,2023-04-07,2019-04-08,2020-10-07,69.05027770996094,41.78166198730469,70.49459838867188,-28.43847825332354,23.315500471690953
6,STLTECH,2025-10-05,2023-04-07,2020-10-07,2023-04-07,2019-04-08,2020-10-07,203.66677856445312,152.17596435546875,157.00189208984375,-17.64419109641925,1.2587261381512782
7,DBCORP,2025-10-05,2023-04-07,2020-10-07,2023-04-07,2019-04-08,2020-10-07,144.7003173828125,63.40853118896485,95.64099884033205,-42.278612292289644,17.900629717877624
8,TVSHLTD,2025-10-05,2023-04-07,2020-10-07,2023-04-07,2019-04-08,2020-10-07,2219.2900390625,1319.9486083984375,3173.68896484375,-29.25443272111814,42.119566330615264
9,UBL,2025-10-05,2023-04-07,2020-10-07,2023-04-07,2019-04-08,2020-10-07,1383.741455078125,942.140380859375,1393.35205078125,-22.58793448101908,16.97418443941887
10,TAINWALCHM,2025-10-05,2023-04-07,2020-10-07,2023-04-07,2019-04-08,2020-10-07,62.25,49.04999923706055,113.0,-14.677666895361085,39.70581530341495
11,GNA,2025-10-05,2023-04-07,2020-10-07,2023-04-07,2019-04-08,2020-10-07,159.2405548095703,110.41577911376952,397.809814453125,-21.642296030144404,67.11843357024966
12,DAMODARIND,2025-10-05,2023-04-07,2020-10-07,2023-04-07,2019-04-08,2020-10-07,41.102294921875,23.594099044799805,43.75,-30.906342446880352,28.069728259087956
13,VOLTAMP,2025-10-05,2023-04-07,2020-10-07,2023-04-07,2019-04-08,2020-10-07,1021.4527587890624,928.1851806640624,2767.70068359375,-6.178395201010334,54.919576045602
14,BURNPUR,2025-10-05,2023-04-07,2020-10-07,2023-04-07,2019-04-08,2020-10-07,15.5,6.5,28.0,-43.94461425455243,79.52113863205864
15,NAHARSPING,2025-10-05,2023-04-07,2020-10-07,2023-04-07,2019-04-08,2020-10-07,86.60143280029297,43.55113220214844,264.4063720703125,-36.73485613947527,105.97990970587973
16,BRNL,2025-10-05,2023-04-07,2020-10-07,2023-04-07,2019-04-08,2020-10-07,116.94612121582033,31.649999618530277,28.399999618530277,-58.12670010143754,-4.248219462379488
17,MRO-TEK,2025-10-05,2023-04-07,2020-10-07,2023-04-07,2019-04-08,2020-10-07,36.25,20.5,56.5,-31.590804912584748,50.109376190901635
18,PARACABLES,2025-10-05,2023-04-07,2020-10-07,2023-04-07,2019-04-08,2020-10-07,11.25,6.75,34.04999923706055,-28.8400264338855,91.24417593534014
19,MASKINVEST,2025-10-05,2023-04-07,2020-10-07,2023-04-07,2019-04-08,2020-10-07,22.600000381469727,53.29999923706055,49.79999923706055,77.08666147182576,-2.684632840847234
20,ROLTA,2025-10-05,2023-04-07,2020-10-07,2023-04-07,2019-04-08,2020-10-07,6.599999904632568,4.900000095367432,1.7999999523162842,-17.993781714800548,-33.05099698413825
21,RALLIS,2025-10-05,2023-04-07,2020-10-07,2023-04-07,2019-04-08,2020-10-07,145.2652587890625,258.17340087890625,196.5890045166016,46.67223386506558,-10.34363183407353
22,VERTOZ,2025-10-05,2023-04-07,2020-10-07,2023-04-07,2019-04-08,2020-10-07,4.844172477722168,7.735348701477051,11.175000190734863,36.57877960333571,15.88101297801705
23,TATAELXSI,2025-10-05,2023-04-07,2020-10-07,2023-04-07,2019-04-08,2020-10-07,891.5613403320312,1341.6668701171875,5962.82177734375,31.28678517447718,81.78142767430529
24,GENUSPAPER,2025-10-05,2023-04-07,2020-10-07,2023-04-07,2019-04-08,2020-10-07,7.099999904632568,4.900000095367432,14.25,-21.887033116982835,53.37439319401391
25,ATFL,2025-10-05,2023-04-07,2020-10-07,2023-04-07,2019-04-08,2020-10-07,569.7172241210938,690.4886474609375,887.5497436523438,13.661663085298837,10.582467694622144
26,MANGCHEFER,2025-10-05,2023-04-07,2020-10-07,2023-04-07,2019-04-08,2020-10-07,39.515743255615234,29.14596939086914,98.77519989013672,-18.350666962687512,63.0710538250856
27,LT,2025-10-05,2023-04-07,2020-10-07,2023-04-07,2019-04-08,2020-10-07,1245.8140869140625,834.3311767578125,2231.28271484375,-23.43515648469966,48.309108138979994
28,PITTIENG,2025-10-05,2023-04-07,2020-10-07,2023-04-07,2019-04-08,2020-10-07,55.25437545776367,29.49521827697754,280.2323913574219,-34.170212838996406,146.46239307969307
29,RCF,2025-10-05,2023-04-07,2020-10-07,2023-04-07,2019-04-08,2020-10-07,50.032020568847656,39.67554473876953,96.1991729736328,-14.313742982525035,42.597762817714994
30,KANANIIND,2025-10-05,2023-04-07,2020-10-07,2023-04-07,2019-04-08,2020-10-07,2.700000047683716,1.524999976158142,4.074999809265137,-31.647413667552872,48.2600827133681
31,VISAKAIND,2025-10-05,2023-04-07,2020-10-07,2023-04-07,2019-04-08,2020-10-07,68.16878509521484,61.61386489868164,73.83488464355469,-6.512121169336583,7.5189502850444345
32,APOLLO,2025-10-05,2023-04-07,2020-10-07,2023-04-07,2019-04-08,2020-10-07,12.556766510009766,11.33842945098877,28.66827392578125,-6.572007487879484,45.012279776882025
33,TIRUPATIFL,2025-10-05,2023-04-07,2020-10-07,2023-04-07,2019-04-08,2020-10-07,3.5855064392089844,2.614387035369873,10.149999618530272,-18.97301245658536,72.19734321721205
34,MARINE,2025-10-05,2023-04-07,2020-10-07,2023-04-07,2019-04-08,2020-10-07,20.870229721069336,33.59113311767578,36.81838607788086,37.30063780728086,3.74382989447104
35,TVVISION,2025-10-05,2023-04-07,2020-10-07,2023-04-07,2019-04-08,2020-10-07,3.25,1.399999976158142,2.25,-42.93292798299297,20.936530988662106
36,TATACONSUM,2025-10-05,2023-04-07,2020-10-07,2023-04-07,2019-04-08,2020-10-07,201.5095367431641,489.4809875488281,717.6980590820312,80.60330600335854,16.571354749816393
37,INDHOTEL,2025-10-05,2023-04-07,2020-10-07,2023-04-07,2019-04-08,2020-10-07,149.77674865722656,95.77251434326172,324.91455078125,-25.758092392456746,63.140099775987444
38,INDIANB,2025-10-05,2023-04-07,2020-10-07,2023-04-07,2019-04-08,2020-10-07,241.5437774658203,52.012393951416016,273.75714111328125,-64.0405553022527,94.5263681602829
39,ASIANPAINT,2025-10-05,2023-04-07,2020-10-07,2023-04-07,2019-04-08,2020-10-07,1428.1070556640625,2033.5042724609373,2754.974609375,26.54049314515683,12.936898803151319
40,DISHTV,2025-10-05,2023-04-07,2020-10-07,2023-04-07,2019-04-08,2020-10-07,38.09999847412109,13.800000190734863,13.5,-49.15623545909137,-0.8767384262769573
41,TFL,2025-10-05,2023-04-07,2020-10-07,2023-04-07,2019-04-08,2020-10-07,4.785492897033691,2.6434149742126465,9.0,-32.65336477292714,63.37338236456751
42,UNITEDPOLY,2025-10-05,2023-04-07,2020-10-07,2023-04-07,2019-04-08,2020-10-07,5.083333015441895,4.699999809265137,80.1500015258789,-5.088195353121982,211.55416818049494
43,MAHAPEXLTD,2025-10-05,2023-04-07,2020-10-07,2023-04-07,2019-04-08,2020-10-07,117.9499969482422,62.34999847412109,92.8499984741211,-34.59754017569221,17.29839948836469
44,DIGISPICE,2025-10-05,2023-04-07,2020-10-07,2023-04-07,2019-04-08,2020-10-07,8.022176742553711,7.099999904632568,18.950000762939453,-7.81158738334412,48.19077096503628
45,BSOFT,2025-10-05,2023-04-07,2020-10-07,2023-04-07,2019-04-08,2020-10-07,92.08342742919922,185.69558715820312,260.0724182128906,59.54925465313317,14.449377764477166
46,UNIINFO,2025-10-05,2023-04-07,2020-10-07,2023-04-07,2019-04-08,2020-10-07,36.59999847412109,9.0,19.100000381469727,-60.71637609750429,35.18595599375192
47,TCIFINANCE,2025-10-05,2023-04-07,2020-10-07,2023-04-07,2019-04-08,2020-10-07,15.449999809265137,4.5,2.75,-56.02742636052156,-17.90679578001104
48,FINEORG,2025-10-05,2023-04-07,2020-10-07,2023-04-07,2019-04-08,2020-10-07,1301.8250732421875,2556.902099609375,4290.267578125,56.7698910699161,23.042784087691672
49,KANSAINER,2025-10-05,2023-04-07,2020-10-07,2023-04-07,2019-04-08,2020-10-07,295.73223876953125,313.548583984375,258.4047241210937,3.9733398421621935,-7.457140353422864
50,LAXMICOT,2025-10-05,2023-04-07,2020-10-07,2023-04-07,2019-04-08,2020-10-07,12.699999809265137,9.449999809265137,19.5,-17.870948232875293,33.674425836299584
51,ANSALAPI,2025-10-05,2023-04-07,2020-10-07,2023-04-07,2019-04-08,2020-10-07,11.199999809265137,4.449999809265137,10.699999809265137,-45.92392658578047,42.12172160996141
52,BPL,2025-10-05,2023-04-07,2020-10-07,2023-04-07,2019-04-08,2020-10-07,26.600000381469727,18.600000381469727,56.650001525878906,-21.20196636742193,56.24040409484916
53,SHALBY,2025-10-05,2023-04-07,2020-10-07,2023-04-07,2019-04-08,2020-10-07,134.4672393798828,85.01212310791016,139.55218505859375,-26.317552310155477,21.967488882364506
54,JSWENERGY,2025-10-05,2023-04-07,2020-10-07,2023-04-07,2019-04-08,2020-10-07,66.1307601928711,54.57731628417969,249.1903839111328,-12.005303263871392,83.75620435045228
55,VBL,2025-10-05,2023-04-07,2020-10-07,2023-04-07,2019-04-08,2020-10-07,49.68115997314453,59.23468780517578,276.7248229980469,12.428510027042638,85.45123565942936
56,SAKUMA,2025-10-05,2023-04-07,2020-10-07,2023-04-07,2019-04-08,2020-10-07,6.2672295570373535,1.137105941772461,2.2175681591033936,-67.91753114571463,30.683713934276092
57,ZUARIIND,2025-10-05,2023-04-07,2020-10-07,2023-04-07,2019-04-08,2020-10-07,102.3525390625,45.973670959472656,114.94812774658205,-41.320671215707904,44.364101507267485
58,JINDALSTEL,2025-10-05,2023-04-07,2020-10-07,2023-04-07,2019-04-08,2020-10-07,181.69692993164065,189.3541259765625,541.4794921875,2.7875586409328967,52.3433241616811
59,IFBAGRO,2025-10-05,2023-04-07,2020-10-07,2023-04-07,2019-04-08,2020-10-07,474.7000122070313,351.6000061035156,438.3999938964844,-18.122283620847025,9.242536627229825
60,BORORENEW,2025-10-05,2023-04-07,2020-10-07,2023-04-07,2019-04-08,2020-10-07,53.32456970214844,75.80000305175781,449.0,26.396486056699132,103.95749977535402
61,SIMPLEXINF,2025-10-05,2023-04-07,2020-10-07,2023-04-07,2019-04-08,2020-10-07,169.98004150390625,33.650001525878906,37.650001525878906,-65.9994477118272,4.602988200333402
62,CENTRALBK,2025-10-05,2023-04-07,2020-10-07,2023-04-07,2019-04-08,2020-10-07,34.79999923706055,12.800000190734863,24.850000381469727,-48.632940023362316,30.44767044121526
63,ROML,2025-10-05,2023-04-07,2020-10-07,2023-04-07,2019-04-08,2020-10-07,34.0,34.0,39.400001525878906,0.0,6.083805726370595
64,AKZOINDIA,2025-10-05,2023-04-07,2020-10-07,2023-04-07,2019-04-08,2020-10-07,1565.122314453125,1854.701171875,2099.7421875,11.971010274929817,5.09748061029065
65,AUTOAXLES,2025-10-05,2023-04-07,2020-10-07,2023-04-07,2019-04-08,2020-10-07,1117.151123046875,669.4656372070312,2296.55615234375,-28.898377316360502,63.86722572660219
66,IMPAL,2025-10-05,2023-04-07,2020-10-07,2023-04-07,2019-04-08,2020-10-07,519.3478393554688,506.3213806152344,585.5894165039062,-1.6777060896213891,6.000614680243244
67,DVL,2025-10-05,2023-04-07,2020-10-07,2023-04-07,2019-04-08,2020-10-07,76.45040130615234,50.932376861572266,224.2509765625,-23.701369944786943,81.10070374240223
68,UPL,2025-10-05,2023-04-07,2020-10-07,2023-04-07,2019-04-08,2020-10-07,592.7274169921875,489.1170043945313,713.1861572265625,-12.012174302265688,16.311841668779504
69,RPGLIFE,2025-10-05,2023-04-07,2020-10-07,2023-04-07,2019-04-08,2020-10-07,224.6436309814453,378.8002624511719,731.0664672851562,41.62483401223833,30.138771568607005
70,HGS,2025-10-05,2023-04-07,2020-10-07,2023-04-07,2019-04-08,2020-10-07,277.0937805175781,317.2549133300781,1060.3638916015625,9.433921946474676,62.167482737068916
71,GEPIL,2025-10-05,2023-04-07,2020-10-07,2023-04-07,2019-04-08,2020-10-07,826.5150756835938,416.1950988769531,107.3499984741211,-36.67935084833752,-41.894875017309104
72,JTEKTINDIA,2025-10-05,2023-04-07,2020-10-07,2023-04-07,2019-04-08,2020-10-07,109.55680847167967,76.15809631347656,102.36776733398438,-21.510083808296965,12.580573874676727
73,GILLETTE,2025-10-05,2023-04-07,2020-10-07,2023-04-07,2019-04-08,2020-10-07,6298.1708984375,4968.22412109375,4170.0,-14.61390499830254,-6.776833043530273
74,PFOCUS,2025-10-05,2023-04-07,2020-10-07,2023-04-07,2019-04-08,2020-10-07,63.150001525878906,39.54999923706055,79.1500015258789,-26.778431682550654,32.044471734361466
75,MANAKSIA,2025-10-05,2023-04-07,2020-10-07,2023-04-07,2019-04-08,2020-10-07,26.210678100585938,34.12135314941406,117.90982818603516,19.205323181793887,64.34790986593735
76,TARMAT,2025-10-05,2023-04-07,2020-10-07,2023-04-07,2019-04-08,2020-10-07,42.150001525878906,40.95000076293945,75.44999694824219,-1.9053828995221789,27.742945340583614
77,SITINET,2025-10-05,2023-04-07,2020-10-07,2023-04-07,2019-04-08,2020-10-07,5.0,1.350000023841858,1.2999999523162842,-58.19241638706386,-1.5007260972680014
78,BASF,2025-10-05,2023-04-07,2020-10-07,2023-04-07,2019-04-08,2020-10-07,1352.8388671875,1483.9835205078125,2328.575927734375,6.356546886220027,19.782506321455596
79,ENDURANCE,2025-10-05,2023-04-07,2020-10-07,2023-04-07,2019-04-08,2020-10-07,1140.256103515625,1075.6551513671875,1261.805908203125,-3.810165458290393,6.603988327048338
80,TVSELECT,2025-10-05,2023-04-07,2020-10-07,2023-04-07,2019-04-08,2020-10-07,178.41708374023438,99.94137573242188,364.3358459472656,-32.02346530060189,67.90847372979371
81,NIBL,2025-10-05,2023-04-07,2020-10-07,2023-04-07,2019-04-08,2020-10-07,20.0,6.199999809265137,18.350000381469727,-54.16289529300333,54.45719019711086
82,ESABINDIA,2025-10-05,2023-04-07,2020-10-07,2023-04-07,2019-04-08,2020-10-07,798.3711547851562,1236.998046875,3373.919677734375,33.86296678846368,49.483512027655905
83,HDFCBANK,2025-10-05,2023-04-07,2020-10-07,2023-04-07,2019-04-08,2020-10-07,1089.6744384765625,1115.735107421875,1625.263427734375,1.586651818815965,16.265980657925727
84,ALKALI,2025-10-05,2023-04-07,2020-10-07,2023-04-07,2019-04-08,2020-10-07,39.224609375,43.82073974609375,93.29755401611328,7.659274177978159,35.36063191897148
85,FSC,2025-10-05,2023-04-07,2020-10-07,2023-04-07,2019-04-08,2020-10-07,578.1309204101562,104.8499984741211,13.300000190734863,-67.92653881801255,-56.27571719146722
86,MOTILALOFS,2025-10-05,2023-04-07,2020-10-07,2023-04-07,2019-04-08,2020-10-07,668.381103515625,605.1886596679688,622.795654296875,-6.401120628076972,1.1556441049850763
87,MARALOVER,2025-10-05,2023-04-07,2020-10-07,2023-04-07,2019-04-08,2020-10-07,25.24846076965332,11.34000015258789,54.29999923706055,-41.32358778490226,87.29349234065505
88,DEEPAKFERT,2025-10-05,2023-04-07,2020-10-07,2023-04-07,2019-04-08,2020-10-07,113.1285400390625,140.2051239013672,556.17822265625,15.364215228651634,73.68974881366215
89,VARDMNPOLY,2025-10-05,2023-04-07,2020-10-07,2023-04-07,2019-04-08,2020-10-07,0.8799999952316284,0.7900000214576721,2.740000009536743,-6.933912514854635,64.590634306648
90,MARATHON,2025-10-05,2023-04-07,2020-10-07,2023-04-07,2019-04-08,2020-10-07,147.4490966796875,51.94400787353516,280.01239013671875,-50.088053710756284,96.39869098076137
91,LINC,2025-10-05,2023-04-07,2020-10-07,2023-04-07,2019-04-08,2020-10-07,49.54512786865234,39.67290115356445,142.1870880126953,-13.757625185976396,66.76756778454866
92,CONSOFINVT,2025-10-05,2023-04-07,2020-10-07,2023-04-07,2019-04-08,2020-10-07,44.95000076293945,32.150001525878906,108.9499969482422,-20.006248805143056,63.06756539719789
93,KRIDHANINF,2025-10-05,2023-04-07,2020-10-07,2023-04-07,2019-04-08,2020-10-07,41.04999923706055,2.75,3.0,-83.47808207795515,3.547665606101913
94,MRF,2025-10-05,2023-04-07,2020-10-07,2023-04-07,2019-04-08,2020-10-07,58391.5234375,60218.25,83740.4765625,2.0729684899170264,14.124066418853909
95,SOMATEX,2025-10-05,2023-04-07,2020-10-07,2023-04-07,2019-04-08,2020-10-07,4.5,3.049999952316284,31.850000381469727,-22.821863026691382,155.973407014625
96,SARVESHWAR,2025-10-05,2023-04-07,2020-10-07,2023-04-07,2019-04-08,2020-10-07,1.10166597366333,0.3199999928474426,2.515000104904175,-56.1072016363286,128.42568358712603
97,CCL,2025-10-05,2023-04-07,2020-10-07,2023-04-07,2019-04-08,2020-10-07,263.7931823730469,244.08688354492188,557.9451293945312,-5.039915169860065,39.26926826687145
98,PODDARMENT,2025-10-05,2023-04-07,2020-10-07,2023-04-07,2019-04-08,2020-10-07,165.15982055664062,180.58670043945312,269.1880798339844,6.128163922003416,17.344356882689027
99,RAIN,2025-10-05,2023-04-07,2020-10-07,2023-04-07,2019-04-08,2020-10-07,99.57260131835938,96.92906951904295,151.1442108154297,-1.7762369147409585,19.481883821420777
100,SEPC,2025-10-05,2023-04-07,2020-10-07,2023-04-07,2019-04-08,2020-10-07,8.481431007385254,4.240715026855469,11.286802291870115,-36.97738608006698,48.02420266394458
101,ALPHAGEO,2025-10-05,2023-04-07,2020-10-07,2023-04-07,2019-04-08,2020-10-07,404.8429260253906,150.78468322753906,208.54104614257807,-48.20259278072577,13.87450019205765
102,SREEL,2025-10-05,2023-04-07,2020-10-07,2023-04-07,2019-04-08,2020-10-07,217.8000030517578,135.0500030517578,176.1999969482422,-27.263779112250486,11.245024749107246
103,NBCC,2025-10-05,2023-04-07,2020-10-07,2023-04-07,2019-04-08,2020-10-07,38.51165008544922,14.827098846435549,24.623498916625977,-47.04647752512424,22.535667769292054
104,ORCHPHARMA,2025-10-05,2023-04-07,2020-10-07,2023-04-07,2019-04-08,2020-10-07,5.599999904632568,5.449999809265137,390.8999938964844,-1.7921619049527493,453.9745912531488
105,HMVL,2025-10-05,2023-04-07,2020-10-07,2023-04-07,2019-04-08,2020-10-07,110.23099517822266,48.25,45.29999923706055,-42.321497233001494,-2.4960285714506703
106,GSPL,2025-10-05,2023-04-07,2020-10-07,2023-04-07,2019-04-08,2020-10-07,167.34536743164062,186.41339111328125,264.0775146484375,7.451818363769069,14.97445125721033
107,PRAKASHSTL,2025-10-05,2023-04-07,2020-10-07,2023-04-07,2019-04-08,2020-10-07,0.25,0.699999988079071,4.5,98.53329722164776,110.75506968636492
108,AKSHOPTFBR,2025-10-05,2023-04-07,2020-10-07,2023-04-07,2019-04-08,2020-10-07,18.5,5.550000190734863,8.850000381469727,-55.1531202086146,20.557320124014765
109,INGERRAND,2025-10-05,2023-04-07,2020-10-07,2023-04-07,2019-04-08,2020-10-07,533.5117797851562,541.6292114257812,2574.37841796875,1.0108567879823616,86.73855199733742
110,EIFFL,2025-10-05,2023-04-07,2020-10-07,2023-04-07,2019-04-08,2020-10-07,121.25,92.0,145.9499969482422,-16.796106733184356,20.30910685124607
111,PREMIER,2025-10-05,2023-04-07,2020-10-07,2023-04-07,2019-04-08,2020-10-07,6.400000095367432,2.650000095367432,2.200000047683716,-44.41680150112205,-7.185145382398583
112,SHANTI,2025-10-05,2023-04-07,2020-10-07,2023-04-07,2019-04-08,2020-10-07,21.833332061767575,23.0,15.300000190734863,3.5280718598475147,-15.068490893465626
113,LOKESHMACH,2025-10-05,2023-04-07,2020-10-07,2023-04-07,2019-04-08,2020-10-07,44.25,20.950000762939453,116.3000030517578,-39.22690290570225,98.7231875872784
114,AJOONI,2025-10-05,2023-04-07,2020-10-07,2023-04-07,2019-04-08,2020-10-07,2.7918291091918945,4.730016231536865,4.496563911437988,42.072466902931026,-2.0075134056294464
115,AHLUCONT,2025-10-05,2023-04-07,2020-10-07,2023-04-07,2019-04-08,2020-10-07,325.65576171875,325.95526123046875,543.3015747070312,0.06124674181156031,22.715472311436493
116,BHEL,2025-10-05,2023-04-07,2020-10-07,2023-04-07,2019-04-08,2020-10-07,68.49484252929688,28.08332633972168,70.2581558227539,-44.78005384016741,44.39813123025878
117,NILASPACES,2025-10-05,2023-04-07,2020-10-07,2023-04-07,2019-04-08,2020-10-07,2.299999952316284,1.149999976158142,2.900000095367432,-36.97738136009182,44.85871849617571
118,RML,2025-10-05,2023-04-07,2020-10-07,2023-04-07,2019-04-08,2020-10-07,350.6752014160156,210.25,425.7000122070313,-28.87497387877953,32.662703118757854
119,SHANTIGEAR,2025-10-05,2023-04-07,2020-10-07,2023-04-07,2019-04-08,2020-10-07,120.11892700195312,97.59940338134766,365.0697937011719,-12.914605481752272,69.6480357450351
120,PANSARI,2025-10-05,2023-04-07,2020-10-07,2023-04-07,2019-04-08,2020-10-07,30.100000381469727,22.0,83.69999694824219,-18.844068726622865,70.80607056169828
121,SOUTHWEST,2025-10-05,2023-04-07,2020-10-07,2023-04-07,2019-04-08,2020-10-07,26.989473342895508,26.770160675048828,122.86321258544922,-0.5419666879014295,84.13833382670323
122,SIL,2025-10-05,2023-04-07,2020-10-07,2023-04-07,2019-04-08,2020-10-07,12.086565017700195,7.988722801208496,27.44250869750977,-24.10281136648176,63.957605403207985
123,ARSHIYA,2025-10-05,2023-04-07,2020-10-07,2023-04-07,2019-04-08,2020-10-07,35.900001525878906,17.0,5.599999904632568,-39.219102424832464,-35.91180884268231
124,SOLARA,2025-10-05,2023-04-07,2020-10-07,2023-04-07,2019-04-08,2020-10-07,425.1778869628906,1161.6737060546875,338.6499938964844,95.31854224728234,-38.97410103716379
125,INSECTICID,2025-10-05,2023-04-07,2020-10-07,2023-04-07,2019-04-08,2020-10-07,416.6136474609375,306.0199279785156,494.9485473632813,-18.57477336040756,21.244393158847565
126,OPTIEMUS,2025-10-05,2023-04-07,2020-10-07,2023-04-07,2019-04-08,2020-10-07,109.03392791748048,68.05307006835938,208.23245239257807,-26.94523217153626,56.53093065736962
127,RGL,2025-10-05,2023-04-07,2020-10-07,2023-04-07,2019-04-08,2020-10-07,57.31002807617188,48.30776977539063,85.19999694824219,-10.757981121947092,25.525319256804234
128,SABEVENTS,2025-10-05,2023-04-07,2020-10-07,2023-04-07,2019-04-08,2020-10-07,1.5499999523162842,1.399999976158142,2.900000095367432,-6.5546309580622015,33.88018207414809
129,UNITEDTEA,2025-10-05,2023-04-07,2020-10-07,2023-04-07,2019-04-08,2020-10-07,310.1078796386719,314.3516540527344,267.4356384277344,0.9094196096162577,-6.270741825491244
130,TRENT,2025-10-05,2023-04-07,2020-10-07,2023-04-07,2019-04-08,2020-10-07,340.7066955566406,672.402587890625,1364.3067626953125,57.27253253994065,32.77473515386588
131,ABCAPITAL,2025-10-05,2023-04-07,2020-10-07,2023-04-07,2019-04-08,2020-10-07,97.8499984741211,62.150001525878906,157.89999389648438,-26.089390656497933,45.29246393841473
132,RAMASTEEL,2025-10-05,2023-04-07,2020-10-07,2023-04-07,2019-04-08,2020-10-07,1.5395742654800415,0.5657745599746704,10.716666221618652,-48.663494920506636,224.94349219013893
133,TTML,2025-10-05,2023-04-07,2020-10-07,2023-04-07,2019-04-08,2020-10-07,2.9184000492095947,2.900000095367432,64.1500015258789,-0.4203803913728321,245.78422038596358
134,KESORAMIND,2025-10-05,2023-04-07,2020-10-07,2023-04-07,2019-04-08,2020-10-07,55.65174865722656,38.11132049560547,60.0,-22.288826089167003,19.941289338597024
135,SHREEPUSHK,2025-10-05,2023-04-07,2020-10-07,2023-04-07,2019-04-08,2020-10-07,159.74159240722656,113.2788543701172,157.20069885253906,-20.46138540675213,14.02917299393598
136,GOACARBON,2025-10-05,2023-04-07,2020-10-07,2023-04-07,2019-04-08,2020-10-07,421.9416809082031,187.76058959960935,411.6749572753906,-41.684781717384126,36.9634096129722
137,MAYURUNIQ,2025-10-05,2023-04-07,2020-10-07,2023-04-07,2019-04-08,2020-10-07,337.4697570800781,255.354736328125,439.1841735839844,-16.948713913156944,24.26711381405431
138,AJMERA,2025-10-05,2023-04-07,2020-10-07,2023-04-07,2019-04-08,2020-10-07,174.2930908203125,81.26109313964844,291.4742736816406,-39.84525282793291,66.82163516377808
139,DSSL,2025-10-05,2023-04-07,2020-10-07,2023-04-07,2019-04-08,2020-10-07,29.165170669555664,28.81266212463379,358.48004150390625,-0.8066734056876634,174.5830630700267
140,WELCORP,2025-10-05,2023-04-07,2020-10-07,2023-04-07,2019-04-08,2020-10-07,125.06893157958984,105.24632263183594,211.78155517578125,-10.857684173587534,32.33432019027984
141,VARDHACRLC,2025-10-05,2023-04-07,2020-10-07,2023-04-07,2019-04-08,2020-10-07,23.57396697998047,18.31968688964844,45.31406021118164,-15.461046923676115,43.74244116022494
142,REPCOHOME,2025-10-05,2023-04-07,2020-10-07,2023-04-07,2019-04-08,2020-10-07,424.26666259765625,168.2112579345703,179.72787475585938,-46.00065466632673,2.688803635260273
143,KEYFINSERV,2025-10-05,2023-04-07,2020-10-07,2023-04-07,2019-04-08,2020-10-07,42.47061920166016,35.539093017578125,92.00438690185548,-11.190607147316333,46.390520279938045
144,LASA,2025-10-05,2023-04-07,2020-10-07,2023-04-07,2019-04-08,2020-10-07,23.66499137878418,68.12348937988281,22.75,102.2309909668114,-35.559322617148915
145,RANEENGINE,2025-10-05,2023-04-07,2020-10-07,2023-04-07,2019-04-08,2020-10-07,459.0387573242188,185.95787048339844,214.1752471923828,-45.22082172364668,5.8235421661030795
146,CHENNPETRO,2025-10-05,2023-04-07,2020-10-07,2023-04-07,2019-04-08,2020-10-07,223.6531219482422,60.553340911865234,220.9527130126953,-58.115443680279725,67.97116737006404
147,HISARMETAL,2025-10-05,2023-04-07,2020-10-07,2023-04-07,2019-04-08,2020-10-07,45.15059280395508,71.32820892333984,129.56097412109375,35.60564636853232,27.015252615065876
148,BLUEDART,2025-10-05,2023-04-07,2020-10-07,2023-04-07,2019-04-08,2020-10-07,3265.40869140625,3143.3466796875,6208.470703125,-2.5055510098351275,31.35046777261843
149,SADBHIN,2025-10-05,2023-04-07,2020-10-07,2023-04-07,2019-04-08,2020-10-07,87.1881332397461,17.299999237060547,3.450000047683716,-65.94718173307224,-47.5859129660958
150,DLF,2025-10-05,2023-04-07,2020-10-07,2023-04-07,2019-04-08,2020-10-07,175.709716796875,154.33470153808594,377.7427978515625,-8.27674242284846,43.13606324446076
151,BALKRISIND,2025-10-05,2023-04-07,2020-10-07,2023-04-07,2019-04-08,2020-10-07,922.674560546875,1400.8101806640625,1945.87548828125,32.061693851827265,14.074431046943726
152,SOLARINDS,2025-10-05,2023-04-07,2020-10-07,2023-04-07,2019-04-08,2020-10-07,1033.7601318359375,1063.14208984375,3746.743896484375,1.8842263036501272,65.64768974825361
153,APARINDS,2025-10-05,2023-04-07,2020-10-07,2023-04-07,2019-04-08,2020-10-07,625.2318725585938,281.7362976074219,2677.487548828125,-41.195344196977544,146.4892106730681
154,LUXIND,2025-10-05,2023-04-07,2020-10-07,2023-04-07,2019-04-08,2020-10-07,1326.7642822265625,1412.366943359375,1211.988525390625,4.252384805471321,-5.946140597076333
155,PARASPETRO,2025-10-05,2023-04-07,2020-10-07,2023-04-07,2019-04-08,2020-10-07,0.1000000014901161,0.1000000014901161,0.8999999761581421,0.0,141.1712180514811
156,FINPIPE,2025-10-05,2023-04-07,2020-10-07,2023-04-07,2019-04-08,2020-10-07,90.4865493774414,97.74002838134766,167.62353515625,5.270152571321418,24.1250119157677
157,SKIPPER,2025-10-05,2023-04-07,2020-10-07,2023-04-07,2019-04-08,2020-10-07,63.13196563720703,50.37044906616211,102.85193634033205,-13.964570800045673,33.11250465336717
158,CHEMFAB,2025-10-05,2023-04-07,2020-10-07,2023-04-07,2019-04-08,2020-10-07,143.54550170898438,134.5673065185547,267.4908142089844,-4.210690309625997,31.68740397268033
159,PNCINFRA,2025-10-05,2023-04-07,2020-10-07,2023-04-07,2019-04-08,2020-10-07,146.87692260742188,162.53065490722656,287.0126342773437,6.977980296451092,25.58823228657563
160,ALKYLAMINE,2025-10-05,2023-04-07,2020-10-07,2023-04-07,2019-04-08,2020-10-07,321.8003845214844,1263.0635986328125,2225.27734375,148.6172306094736,25.471636838984125
161,NAVKARCORP,2025-10-05,2023-04-07,2020-10-07,2023-04-07,2019-04-08,2020-10-07,37.75,27.0,56.09999847412109,-20.00679918797531,34.044441714113425
162,PRICOLLTD,2025-10-05,2023-04-07,2020-10-07,2023-04-07,2019-04-08,2020-10-07,30.75875473022461,38.581790924072266,222.9499969482422,16.29183599961428,101.94438668629498
163,ADFFOODS,2025-10-05,2023-04-07,2020-10-07,2023-04-07,2019-04-08,2020-10-07,46.63705062866211,80.65312957763672,142.10223388671875,44.02859659776106,25.47403921839222
164,NH,2025-10-05,2023-04-07,2020-10-07,2023-04-07,2019-04-08,2020-10-07,212.10321044921875,361.76409912109375,752.7534790039062,42.70672429145912,34.122151671405106
165,SUNTECK,2025-10-05,2023-04-07,2020-10-07,2023-04-07,2019-04-08,2020-10-07,475.3105163574219,247.31497192382807,294.9640808105469,-35.282573356617895,7.31437149355143
166,ARVSMART,2025-10-05,2023-04-07,2020-10-07,2023-04-07,2019-04-08,2020-10-07,129.9531707763672,88.88882446289062,286.73974609375,-22.350168706171345,59.87895199808793
167,BHAGERIA,2025-10-05,2023-04-07,2020-10-07,2023-04-07,2019-04-08,2020-10-07,125.65461730957033,132.83010864257812,129.63394165039062,3.7681435205026315,-0.9711096443901557
168,ICRA,2025-10-05,2023-04-07,2020-10-07,2023-04-07,2019-04-08,2020-10-07,2786.11767578125,2746.20458984375,4546.85791015625,-0.9564722956805216,22.3870933414166
169,MMP,2025-10-05,2023-04-07,2020-10-07,2023-04-07,2019-04-08,2020-10-07,123.8756866455078,78.09058380126953,142.24208068847656,-26.45887204468972,27.157884478202753
170,IITL,2025-10-05,2023-04-07,2020-10-07,2023-04-07,2019-04-08,2020-10-07,75.5,54.5,87.4000015258789,-19.51422411660473,20.83175054161459
171,MRPL,2025-10-05,2023-04-07,2020-10-07,2023-04-07,2019-04-08,2020-10-07,68.65506744384766,26.140113830566406,53.4124755859375,-47.4372184823559,33.14917662819372
172,NIITLTD,2025-10-05,2023-04-07,2020-10-07,2023-04-07,2019-04-08,2020-10-07,94.12480926513672,130.60379028320312,350.603515625,24.379246083729345,48.53426415492754
173,ASTRON,2025-10-05,2023-04-07,2020-10-07,2023-04-07,2019-04-08,2020-10-07,101.3499984741211,48.20000076293945,24.049999237060547,-39.044644481519086,-24.311769647982786
174,WANBURY,2025-10-05,2023-04-07,2020-10-07,2023-04-07,2019-04-08,2020-10-07,21.799999237060547,34.45000076293945,40.650001525878906,35.633703781731604,6.855250760256726
175,MANINFRA,2025-10-05,2023-04-07,2020-10-07,2023-04-07,2019-04-08,2020-10-07,23.06751251220703,16.593690872192383,72.73255157470703,-19.700069071824146,80.7744389469142
176,SURYALAXMI,2025-10-05,2023-04-07,2020-10-07,2023-04-07,2019-04-08,2020-10-07,32.25,17.75,49.25,-32.8153328731251,50.51336149215562
177,JINDALPOLY,2025-10-05,2023-04-07,2020-10-07,2023-04-07,2019-04-08,2020-10-07,228.6205291748047,433.7796630859375,558.4993286132812,53.20282757664061,10.65567017867286
178,BCONCEPTS,2025-10-05,2023-04-07,2020-10-07,2023-04-07,2019-04-08,2020-10-07,65.333251953125,19.38568687438965,218.0817108154297,-55.48029935312662,163.72270282045727
179,SEJALLTD,2025-10-05,2023-04-07,2020-10-07,2023-04-07,2019-04-08,2020-10-07,570.2784423828125,1140.556884765625,237.5500030517578,58.67319092430796,-46.665714730567906
180,VIPCLOTHNG,2025-10-05,2023-04-07,2020-10-07,2023-04-07,2019-04-08,2020-10-07,20.450000762939453,9.449999809265137,41.79999923706055,-40.20068013665408,81.43584340019207
181,NILAINFRA,2025-10-05,2023-04-07,2020-10-07,2023-04-07,2019-04-08,2020-10-07,7.900000095367432,4.599999904632568,5.150000095367432,-30.24692648105035,4.62899903649181
182,AVG,2025-10-05,2023-04-07,2020-10-07,2023-04-07,2019-04-08,2020-10-07,82.22087860107422,62.597164154052734,167.86968994140625,-16.6087661208531,48.473591800571334
183,DWARKESH,2025-10-05,2023-04-07,2020-10-07,2023-04-07,2019-04-08,2020-10-07,24.53995513916016,25.998046875,89.5999984741211,3.919262939134871,64.17265856984795
184,TEXINFRA,2025-10-05,2023-04-07,2020-10-07,2023-04-07,2019-04-08,2020-10-07,54.46278381347656,35.57075500488281,53.127323150634766,-24.703515611595662,17.43692953277307
185,ACLGATI,2025-10-05,2023-04-07,2020-10-07,2023-04-07,2019-04-08,2020-10-07,80.17594146728516,56.0,115.8000030517578,-21.26084035861211,33.78764979637532
186,SAIL,2025-10-05,2023-04-07,2020-10-07,2023-04-07,2019-04-08,2020-10-07,49.916778564453125,28.79461097717285,80.41468811035156,-30.6805489457632,50.9049290930208
187,PGHL,2025-10-05,2023-04-07,2020-10-07,2023-04-07,2019-04-08,2020-10-07,3422.1875,4830.47265625,4593.40869140625,25.805463414027763,-1.9960025952552085
188,HINDZINC,2025-10-05,2023-04-07,2020-10-07,2023-04-07,2019-04-08,2020-10-07,154.15402221679688,125.4061279296875,283.2676696777344,-12.844033819737588,38.60674686860721
189,BBL,2025-10-05,2023-04-07,2020-10-07,2023-04-07,2019-04-08,2020-10-07,508.62548828125,341.9962158203125,1309.12890625,-23.230807472804038,71.22548016105374
190,ATLANTAA,2025-10-05,2023-04-07,2020-10-07,2023-04-07,2019-04-08,2020-10-07,18.950000762939453,6.849999904632568,17.0,-49.22424816073661,43.93398080132964
191,MGL,2025-10-05,2023-04-07,2020-10-07,2023-04-07,2019-04-08,2020-10-07,878.7933349609375,745.9147338867188,941.7350463867188,-10.344226503914811,9.789927151958345
192,TANLA,2025-10-05,2023-04-07,2020-10-07,2023-04-07,2019-04-08,2020-10-07,41.41456604003906,278.3333435058594,565.49072265625,255.71713767707448,32.84550407460578
193,POCL,2025-10-05,2023-04-07,2020-10-07,2023-04-07,2019-04-08,2020-10-07,30.255794525146484,30.255794525146484,162.7297821044922,0.0,96.2206076783717
194,SPLPETRO,2025-10-05,2023-04-07,2020-10-07,2023-04-07,2019-04-08,2020-10-07,97.82276153564452,111.05614471435548,372.02728271484375,8.818215252341123,62.31500667296031
195,JKIL,2025-10-05,2023-04-07,2020-10-07,2023-04-07,2019-04-08,2020-10-07,143.8753662109375,107.21159362792967,250.84814453125,-17.791906492057173,40.575875712852906
196,ANUP,2025-10-05,2023-04-07,2020-10-07,2023-04-07,2019-04-08,2020-10-07,245.32791137695312,303.43511962890625,518.8194580078125,15.209891364410243,23.974849422259116
197,KOTHARIPET,2025-10-05,2023-04-07,2020-10-07,2023-04-07,2019-04-08,2020-10-07,17.978260040283203,15.675782203674316,59.469852447509766,-8.723864282448368,70.61155441675633
198,SFL,2025-10-05,2023-04-07,2020-10-07,2023-04-07,2019-04-08,2020-10-07,679.7999877929688,663.5,1057.4000244140625,-1.6035127314597108,20.52930672988442
199,DOLLAR,2025-10-05,2023-04-07,2020-10-07,2023-04-07,2019-04-08,2020-10-07,272.0892028808594,136.0597381591797,353.8433837890625,-36.9727109919898,46.65806786829929
200,JPOLYINVST,2025-10-05,2023-04-07,2020-10-07,2023-04-07,2019-04-08,2020-10-07,34.20000076293945,12.649999618530272,488.25,-48.44085989295549,332.1809557778287
201,BUTTERFLY,2025-10-05,2023-04-07,2020-10-07,2023-04-07,2019-04-08,2020-10-07,192.052978515625,288.1289978027344,1209.699951171875,31.0197573868769,77.68331815160485
202,JBMA,2025-10-05,2023-04-07,2020-10-07,2023-04-07,2019-04-08,2020-10-07,52.89274978637695,46.11137390136719,365.21722412109375,-8.733613291173302,129.13382396719024
203,SUPREMEIND,2025-10-05,2023-04-07,2020-10-07,2023-04-07,2019-04-08,2020-10-07,1049.4227294921875,1281.1697998046875,2577.0439453125,14.213675302557082,32.31404692812263
204,MOREPENLAB,2025-10-05,2023-04-07,2020-10-07,2023-04-07,2019-04-08,2020-10-07,17.600000381469727,25.0,27.0,26.335529119360235,3.131543038194118
205,PIONEEREMB,2025-10-05,2023-04-07,2020-10-07,2023-04-07,2019-04-08,2020-10-07,22.86490249633789,20.0006160736084,33.5,-8.528731286380397,22.955540883444336
206,GLOBAL,2025-10-05,2023-04-07,2020-10-07,2023-04-07,2019-04-08,2020-10-07,4.595668792724609,7.3846025466918945,59.52940368652344,37.14931567037849,130.75904653874665
207,FINCABLES,2025-10-05,2023-04-07,2020-10-07,2023-04-07,2019-04-08,2020-10-07,461.711181640625,277.7234191894531,853.1488037109375,-28.720875786093224,56.77829282313398
208,NIPPOBATRY,2025-10-05,2023-04-07,2020-10-07,2023-04-07,2019-04-08,2020-10-07,315.7758178710937,261.5990905761719,322.4855041503906,-11.782523734314132,8.745035220131525
209,AMRUTANJAN,2025-10-05,2023-04-07,2020-10-07,2023-04-07,2019-04-08,2020-10-07,298.0777587890625,411.992919921875,595.80908203125,24.05700386259595,15.929101081880681
210,JISLDVREQS,2025-10-05,2023-04-07,2020-10-07,2023-04-07,2019-04-08,2020-10-07,36.60736083984375,9.949999809265137,18.299999237060547,-58.00664607895033,27.65137234753108
211,TIMKEN,2025-10-05,2023-04-07,2020-10-07,2023-04-07,2019-04-08,2020-10-07,547.9677124023438,1061.9166259765625,2911.981201171875,55.37537470259599,49.8055134556463
212,VGUARD,2025-10-05,2023-04-07,2020-10-07,2023-04-07,2019-04-08,2020-10-07,215.00816345214844,163.42117309570312,249.64956665039065,-16.700692741251512,18.503232603695107
213,HITECHCORP,2025-10-05,2023-04-07,2020-10-07,2023-04-07,2019-04-08,2020-10-07,105.02198791503906,83.95441436767578,168.68392944335938,-13.854086429944946,32.25486297229661
214,COSMOFIRST,2025-10-05,2023-04-07,2020-10-07,2023-04-07,2019-04-08,2020-10-07,112.12997436523438,249.6119842529297,612.4241333007812,70.40581284575282,43.27534591282816
215,CIPLA,2025-10-05,2023-04-07,2020-10-07,2023-04-07,2019-04-08,2020-10-07,503.0405883789063,746.910888671875,871.5014038085938,30.11861210197089,6.376046838973726
216,EUROTEXIND,2025-10-05,2023-04-07,2020-10-07,2023-04-07,2019-04-08,2020-10-07,16.450000762939453,8.0,14.600000381469728,-38.13099306260087,27.255694130787855
217,JPPOWER,2025-10-05,2023-04-07,2020-10-07,2023-04-07,2019-04-08,2020-10-07,2.25,2.5,5.800000190734863,7.269723377386805,40.09928415625063
218,JKTYRE,2025-10-05,2023-04-07,2020-10-07,2023-04-07,2019-04-08,2020-10-07,85.35006713867188,56.51481246948242,163.13893127441406,-24.011502878897005,52.9189660720391
219,WEWIN,2025-10-05,2023-04-07,2020-10-07,2023-04-07,2019-04-08,2020-10-07,34.66666412353516,18.049999237060547,40.5,-35.25356972107363,38.236361432086
220,VAKRANGEE,2025-10-05,2023-04-07,2020-10-07,2023-04-07,2019-04-08,2020-10-07,49.14137268066406,27.271921157836918,17.378564834594727,-32.443389162568714,-16.518474263108807
221,MARKSANS,2025-10-05,2023-04-07,2020-10-07,2023-04-07,2019-04-08,2020-10-07,24.17705535888672,51.22610855102539,71.79906463623047,64.88973626142844,14.48472353474408
222,SWELECTES,2025-10-05,2023-04-07,2020-10-07,2023-04-07,2019-04-08,2020-10-07,148.4100799560547,116.1355438232422,318.89501953125,-15.069055750842297,49.88630558843737
223,NHPC,2025-10-05,2023-04-07,2020-10-07,2023-04-07,2019-04-08,2020-10-07,18.026649475097656,16.467042922973633,38.34638214111328,-5.849136588517878,40.30892441161811
224,SHEMAROO,2025-10-05,2023-04-07,2020-10-07,2023-04-07,2019-04-08,2020-10-07,397.4522705078125,60.70000076293945,115.1999969482422,-71.39564110602605,29.267329713848866
225,SMSPHARMA,2025-10-05,2023-04-07,2020-10-07,2023-04-07,2019-04-08,2020-10-07,61.53936004638672,87.27098846435547,65.8150634765625,26.19795799048501,-10.689719398150388
226,SHRADHA,2025-10-05,2023-04-07,2020-10-07,2023-04-07,2019-04-08,2020-10-07,9.726057052612305,6.674784660339356,16.038040161132812,-22.178472697289365,42.08111600010327
227,LINDEINDIA,2025-10-05,2023-04-07,2020-10-07,2023-04-07,2019-04-08,2020-10-07,464.746337890625,773.686279296875,4142.0712890625,40.42075551844737,95.85784542246387
228,DENORA,2025-10-05,2023-04-07,2020-10-07,2023-04-07,2019-04-08,2020-10-07,307.2513732910156,218.98985290527344,913.9625854492188,-20.19264858798332,77.25987755452526
229,SHRIRAMFIN,2025-10-05,2023-04-07,2020-10-07,2023-04-07,2019-04-08,2020-10-07,180.37387084960935,99.93548583984376,232.54928588867188,-32.51818902451598,40.268350665933816
230,BSE,2025-10-05,2023-04-07,2020-10-07,2023-04-07,2019-04-08,2020-10-07,177.85641479492188,166.91806030273438,435.0926208496094,-4.139586458200806,46.793015352915376
231,NEXTMEDIA,2025-10-05,2023-04-07,2020-10-07,2023-04-07,2019-04-08,2020-10-07,18.450000762939453,4.099999904632568,4.550000190734863,-63.27834015935462,4.26074285507565
232,BALPHARMA,2025-10-05,2023-04-07,2020-10-07,2023-04-07,2019-04-08,2020-10-07,67.72499084472656,43.911014556884766,71.79449462890625,-25.06854949315572,21.772071737431165
233,SETCO,2025-10-05,2023-04-07,2020-10-07,2023-04-07,2019-04-08,2020-10-07,30.49047470092773,10.050000190734863,6.650000095367432,-52.25134871490571,-15.249140098654568
234,SARLAPOLY,2025-10-05,2023-04-07,2020-10-07,2023-04-07,2019-04-08,2020-10-07,23.864646911621094,18.24814987182617,37.75,-16.3665325449727,33.809568693455546
235,ARCHIDPLY,2025-10-05,2023-04-07,2020-10-07,2023-04-07,2019-04-08,2020-10-07,31.93187713623047,26.700000762939453,62.25,-11.235668449060643,40.37616025373379
236,CALSOFT,2025-10-05,2023-04-07,2020-10-07,2023-04-07,2019-04-08,2020-10-07,23.850000381469727,7.0,13.699999809265137,-55.802577983073455,30.870293368546076
237,ROSSELLIND,2025-10-05,2023-04-07,2020-10-07,2023-04-07,2019-04-08,2020-10-07,64.39732360839844,141.26824951171875,255.22796630859372,68.74994317944231,26.74261588393312
238,LUPIN,2025-10-05,2023-04-07,2020-10-07,2023-04-07,2019-04-08,2020-10-07,766.6160278320312,1005.1377563476562,658.3595581054688,19.77335994104463,-15.593868872717497
239,ITC,2025-10-05,2023-04-07,2020-10-07,2023-04-07,2019-04-08,2020-10-07,229.2242889404297,142.21656799316406,363.7118835449219,-27.23556842511944,45.677173877528034
240,BAJAJHIND,2025-10-05,2023-04-07,2020-10-07,2023-04-07,2019-04-08,2020-10-07,9.399999618530272,4.900000095367432,13.399999618530272,-35.20359151386611,49.64121799833161
241,JINDALPHOT,2025-10-05,2023-04-07,2020-10-07,2023-04-07,2019-04-08,2020-10-07,22.149999618530277,12.949999809265137,329.29998779296875,-30.057822337056795,265.64054687679135
242,OMKARCHEM,2025-10-05,2023-04-07,2020-10-07,2023-04-07,2019-04-08,2020-10-07,17.149999618530273,6.849999904632568,8.699999809265137,-45.7341335325189,10.052485241886266
243,A2ZINFRA,2025-10-05,2023-04-07,2020-10-07,2023-04-07,2019-04-08,2020-10-07,18.75,4.150000095367432,7.0,-63.37623856070276,23.301827152915
244,KSCL,2025-10-05,2023-04-07,2020-10-07,2023-04-07,2019-04-08,2020-10-07,450.56927490234375,508.66357421875,478.6419982910156,8.41282795807141,-2.4078995737755404
245,BAJAJELEC,2025-10-05,2023-04-07,2020-10-07,2023-04-07,2019-04-08,2020-10-07,478.3842468261719,458.8128967285156,977.1143188476562,-2.7438964303729607,35.37551899556875
246,RITES,2025-10-05,2023-04-07,2020-10-07,2023-04-07,2019-04-08,2020-10-07,64.90064239501953,91.98739624023438,161.92776489257812,26.151982420149288,25.429285918663602
247,BFUTILITIE,2025-10-05,2023-04-07,2020-10-07,2023-04-07,2019-04-08,2020-10-07,212.8000030517578,254.1000061035156,316.25,12.540413538632912,9.162363250148498
248,PAISALO,2025-10-05,2023-04-07,2020-10-07,2023-04-07,2019-04-08,2020-10-07,15.940293312072754,20.69637107849121,26.713096618652344,18.99524821052967,10.765626309806064
249,M&M,2025-10-05,2023-04-07,2020-10-07,2023-04-07,2019-04-08,2020-10-07,623.38671875,601.1019287109375,1138.7745361328125,-2.3954641647782937,29.175041500767552
250,BAJFINANCE,2025-10-05,2023-04-07,2020-10-07,2023-04-07,2019-04-08,2020-10-07,2968.5380859375,3283.207275390625,5877.59326171875,6.94090017308997,26.27781423783606
251,RBLBANK,2025-10-05,2023-04-07,2020-10-07,2023-04-07,2019-04-08,2020-10-07,638.8516845703125,174.7411651611328,141.7366943359375,-57.82977525022067,-8.045083960658195
252,SUBROS,2025-10-05,2023-04-07,2020-10-07,2023-04-07,2019-04-08,2020-10-07,293.7653503417969,245.46115112304688,301.9154357910156,-11.277128846182183,8.647623611312216
253,GHCL,2025-10-05,2023-04-07,2020-10-07,2023-04-07,2019-04-08,2020-10-07,209.2676544189453,144.5731658935547,488.7023315429688,-21.833364247485342,62.90374471678075
254,CESC,2025-10-05,2023-04-07,2020-10-07,2023-04-07,2019-04-08,2020-10-07,56.13922119140625,48.018463134765625,65.0665512084961,-9.883871708575231,12.944923855915302
255,HAVELLS,2025-10-05,2023-04-07,2020-10-07,2023-04-07,2019-04-08,2020-10-07,734.5082397460938,662.9586791992188,1180.9208984375,-6.598553962570131,26.025629941696195
256,ZENITHEXPO,2025-10-05,2023-04-07,2020-10-07,2023-04-07,2019-04-08,2020-10-07,44.0,41.45000076293945,82.94999694824219,-3.898459602545701,32.04293481658767
257,VIKASECO,2025-10-05,2023-04-07,2020-10-07,2023-04-07,2019-04-08,2020-10-07,6.809264183044434,2.904869079589844,2.75,-43.30092619840599,-2.171187701138766
258,FEL,2025-10-05,2023-04-07,2020-10-07,2023-04-07,2019-04-08,2020-10-07,38.400001525878906,11.75,0.6000000238418579,-54.55871745422493,-69.63351654146894
259,LTTS,2025-10-05,2023-04-07,2020-10-07,2023-04-07,2019-04-08,2020-10-07,1491.0916748046875,1530.254150390625,3520.378173828125,1.7417722612011355,39.62674249808931
260,GRAVITA,2025-10-05,2023-04-07,2020-10-07,2023-04-07,2019-04-08,2020-10-07,80.5326919555664,47.953460693359375,496.5982360839844,-29.199643237831186,155.11894207592948
261,SEMAC,2025-10-05,2023-04-07,2020-10-07,2023-04-07,2019-04-08,2020-10-07,397.3953857421875,437.4591979980469,1282.2923583984375,6.606687138860834,53.86059493504363
262,GMDCLTD,2025-10-05,2023-04-07,2020-10-07,2023-04-07,2019-04-08,2020-10-07,67.02188873291016,40.35139846801758,123.1201171875,-28.67715529699253,56.353372100393884
263,TCS,2025-10-05,2023-04-07,2020-10-07,2023-04-07,2019-04-08,2020-10-07,1802.456298828125,2490.728271484375,3078.89697265625,24.038250478226807,8.86497084045017
264,KAKATCEM,2025-10-05,2023-04-07,2020-10-07,2023-04-07,2019-04-08,2020-10-07,160.8678741455078,143.9186248779297,192.8567047119141,-7.14730143834762,12.44258423880089
265,JHS,2025-10-05,2023-04-07,2020-10-07,2023-04-07,2019-04-08,2020-10-07,26.799999237060547,20.799999237060547,16.100000381469727,-15.533212256648966,-9.75320985715683
266,STAR,2025-10-05,2023-04-07,2020-10-07,2023-04-07,2019-04-08,2020-10-07,466.5417175292969,722.9400024414062,302.0672912597656,33.872738580465224,-29.506193334313725
267,DUCON,2025-10-05,2023-04-07,2020-10-07,2023-04-07,2019-04-08,2020-10-07,12.090909004211426,3.454545021057129,6.349999904632568,-56.587092005034464,27.622507044199196
268,PRECOT,2025-10-05,2023-04-07,2020-10-07,2023-04-07,2019-04-08,2020-10-07,45.69325256347656,26.83263397216797,192.14085388183597,-29.85208272510782,120.06230254399127
269,KICL,2025-10-05,2023-04-07,2020-10-07,2023-04-07,2019-04-08,2020-10-07,1735.75,1291.199951171875,1821.199951171875,-17.886283197334908,14.774134202737121
270,ROLLT,2025-10-05,2023-04-07,2020-10-07,2023-04-07,2019-04-08,2020-10-07,2.299999952316284,2.5,1.0499999523162842,5.710816567315957,-29.359856326796173
271,BLBLIMITED,2025-10-05,2023-04-07,2020-10-07,2023-04-07,2019-04-08,2020-10-07,4.900000095367432,5.800000190734863,22.399999618530277,11.886254228600478,71.83613301741094
272,TATAPOWER,2025-10-05,2023-04-07,2020-10-07,2023-04-07,2019-04-08,2020-10-07,64.74323272705078,54.25968551635742,192.55661010742188,-11.099966207163025,66.10960921375788
273,HINDALCO,2025-10-05,2023-04-07,2020-10-07,2023-04-07,2019-04-08,2020-10-07,206.0019989013672,168.0354766845703,400.326171875,-12.688085188071119,41.596822489569774
274,PCJEWELLER,2025-10-05,2023-04-07,2020-10-07,2023-04-07,2019-04-08,2020-10-07,9.119999885559082,1.3849999904632568,2.845000028610229,-71.5028656329241,33.43166549574359
275,ASAHIINDIA,2025-10-05,2023-04-07,2020-10-07,2023-04-07,2019-04-08,2020-10-07,234.02099609375,214.7412872314453,454.39300537109375,-5.565678392003736,35.02706400359345
276,BIRLAMONEY,2025-10-05,2023-04-07,2020-10-07,2023-04-07,2019-04-08,2020-10-07,49.95000076293945,41.25,48.900001525878906,-11.967536174046101,7.05393362248361
277,GEECEE,2025-10-05,2023-04-07,2020-10-07,2023-04-07,2019-04-08,2020-10-07,120.58035278320312,61.55229568481445,137.91342163085938,-36.1016801964254,38.1578816990356
278,SANCO,2025-10-05,2023-04-07,2020-10-07,2023-04-07,2019-04-08,2020-10-07,15.0,13.75,7.900000095367432,-5.6307264646891735,-19.911299617165746
279,NATIONALUM,2025-10-05,2023-04-07,2020-10-07,2023-04-07,2019-04-08,2020-10-07,40.60800552368164,24.45933532714844,73.03641510009766,-28.656252832053063,55.00682629180196
280,DIGJAMLMTD,2025-10-05,2023-04-07,2020-10-07,2023-04-07,2019-04-08,2020-10-07,124.5,90.0,94.9000015258789,-19.437210759008394,2.146772235684846
281,SUPERHOUSE,2025-10-05,2023-04-07,2020-10-07,2023-04-07,2019-04-08,2020-10-07,116.75373077392578,87.94210052490234,241.5305938720703,-17.20090798799786,49.89912944760562
282,EIHAHOTELS,2025-10-05,2023-04-07,2020-10-07,2023-04-07,2019-04-08,2020-10-07,177.50430297851562,116.89451599121094,204.41868591308597,-24.287570200196107,25.098022839528
283,GALAXYSURF,2025-10-05,2023-04-07,2020-10-07,2023-04-07,2019-04-08,2020-10-07,955.5428466796876,1799.4671630859375,2394.0224609375,52.43872110729399,12.118008768243339
284,BBTCL,2025-10-05,2023-04-07,2020-10-07,2023-04-07,2019-04-08,2020-10-07,46.16560745239258,29.4674072265625,234.8483123779297,-25.846068876508753,129.7057754784634
285,NCC,2025-10-05,2023-04-07,2020-10-07,2023-04-07,2019-04-08,2020-10-07,94.80428314208984,31.759300231933597,104.9919891357422,-51.73293616797121,61.45671259471661
286,WABAG,2025-10-05,2023-04-07,2020-10-07,2023-04-07,2019-04-08,2020-10-07,315.25,188.1499938964844,356.70001220703125,-29.09082699044677,29.21190496581918
287,MOKSH,2025-10-05,2023-04-07,2020-10-07,2023-04-07,2019-04-08,2020-10-07,4.787947177886963,4.588449001312256,10.050000190734863,-2.7949229861633618,36.906580583487106
288,KILITCH,2025-10-05,2023-04-07,2020-10-07,2023-04-07,2019-04-08,2020-10-07,189.9939117431641,80.6500015258789,156.75,-43.48858827072397,30.506260827132614
289,RPPINFRA,2025-10-05,2023-04-07,2020-10-07,2023-04-07,2019-04-08,2020-10-07,91.3740234375,45.045654296875,42.34999847412109,-37.5680437067485,-2.442076202168608
290,SANGAMIND,2025-10-05,2023-04-07,2020-10-07,2023-04-07,2019-04-08,2020-10-07,60.494476318359375,48.51341247558594,231.80270385742188,-13.671199391414824,87.13285314884101
291,POKARNA,2025-10-05,2023-04-07,2020-10-07,2023-04-07,2019-04-08,2020-10-07,179.4027099609375,140.15467834472656,278.9481811523437,-15.16319848781712,31.75382888953542
292,NATHBIOGEN,2025-10-05,2023-04-07,2020-10-07,2023-04-07,2019-04-08,2020-10-07,461.7819519042969,318.5068359375,146.68785095214844,-21.91768866081496,-26.702631542569645
293,CELEBRITY,2025-10-05,2023-04-07,2020-10-07,2023-04-07,2019-04-08,2020-10-07,9.0,5.099999904632568,14.949999809265137,-31.49822635665983,53.86364923370506
294,SNOWMAN,2025-10-05,2023-04-07,2020-10-07,2023-04-07,2019-04-08,2020-10-07,32.07908630371094,34.066287994384766,32.263973236083984,4.084486701816936,-2.1543176800393526
295,GABRIEL,2025-10-05,2023-04-07,2020-10-07,2023-04-07,2019-04-08,2020-10-07,141.31666564941406,98.83956146240234,143.1300506591797,-21.189141083499518,15.991432405997962
296,DIAMONDYD,2025-10-05,2023-04-07,2020-10-07,2023-04-07,2019-04-08,2020-10-07,902.7857666015624,601.5730590820312,747.2159423828125,-23.69089621452767,9.074973010585019
297,TOUCHWOOD,2025-10-05,2023-04-07,2020-10-07,2023-04-07,2019-04-08,2020-10-07,23.956544876098636,44.575904846191406,179.5090789794922,51.223732737412966,74.74025074198923
298,BANKBARODA,2025-10-05,2023-04-07,2020-10-07,2023-04-07,2019-04-08,2020-10-07,119.21878814697266,38.05830001831055,157.6673126220703,-53.258272291301154,76.73536904695466
299,MPSLTD,2025-10-05,2023-04-07,2020-10-07,2023-04-07,2019-04-08,2020-10-07,354.696044921875,355.7973937988281,863.389892578125,0.20670737142867157,42.6445716925202
300,PATINTLOG,2025-10-05,2023-04-07,2020-10-07,2023-04-07,2019-04-08,2020-10-07,21.308935165405277,10.070636749267578,12.026881217956545,-39.29914835236511,7.371547642837872
301,BHARTIARTL,2025-10-05,2023-04-07,2020-10-07,2023-04-07,2019-04-08,2020-10-07,314.1443786621094,408.6647033691406,758.2223510742188,19.14863457320166,28.099835949952112
302,INOXWIND,2025-10-05,2023-04-07,2020-10-07,2023-04-07,2019-04-08,2020-10-07,17.100000381469727,9.975000381469728,25.3125,-30.162783673770054,45.22293411276823
303,GEEKAYWIRE,2025-10-05,2023-04-07,2020-10-07,2023-04-07,2019-04-08,2020-10-07,6.7654314041137695,15.048826217651367,32.24029541015625,70.31787299199534,35.69895028417716
304,GINNIFILA,2025-10-05,2023-04-07,2020-10-07,2023-04-07,2019-04-08,2020-10-07,13.550000190734863,12.949999809265137,21.350000381469727,-2.971584735815125,22.17834958894207
305,ACE,2025-10-05,2023-04-07,2020-10-07,2023-04-07,2019-04-08,2020-10-07,107.40046691894533,74.30441284179688,414.76177978515625,-21.758660566043254,99.1615482392566
306,RSSOFTWARE,2025-10-05,2023-04-07,2020-10-07,2023-04-07,2019-04-08,2020-10-07,31.566022872924805,21.52682876586914,26.171831130981445,-22.50484010246995,8.14277449642904
307,RSWM,2025-10-05,2023-04-07,2020-10-07,2023-04-07,2019-04-08,2020-10-07,107.75452423095705,55.03986740112305,162.9416046142578,-36.07480738539455,54.47289509446418
308,POWERMECH,2025-10-05,2023-04-07,2020-10-07,2023-04-07,2019-04-08,2020-10-07,474.703125,200.8080291748047,1256.7047119140625,-43.61893641029252,108.49969534030039
309,GAIL,2025-10-05,2023-04-07,2020-10-07,2023-04-07,2019-04-08,2020-10-07,86.62877655029297,46.69560241699219,98.5308074951172,-33.74187838253856,34.875171723329636
310,HIRECT,2025-10-05,2023-04-07,2020-10-07,2023-04-07,2019-04-08,2020-10-07,124.74676513671876,130.00148010253906,206.95545959472656,2.78626928391299,20.477079153277433
311,KOPRAN,2025-10-05,2023-04-07,2020-10-07,2023-04-07,2019-04-08,2020-10-07,39.427852630615234,83.01596069335938,119.18912506103516,64.20093492799148,15.593513841236417
312,KARMAENG,2025-10-05,2023-04-07,2020-10-07,2023-04-07,2019-04-08,2020-10-07,16.049999237060547,9.600000381469728,36.20000076293945,-28.987752479664806,70.19805124016514
313,BFINVEST,2025-10-05,2023-04-07,2020-10-07,2023-04-07,2019-04-08,2020-10-07,265.5,295.20001220703125,422.1000061035156,7.318160105547955,15.404269813232375
314,TATACOMM,2025-10-05,2023-04-07,2020-10-07,2023-04-07,2019-04-08,2020-10-07,341.1727600097656,799.8268432617188,1231.7069091796875,76.38270980900313,18.88527288684816
315,BPCL,2025-10-05,2023-04-07,2020-10-07,2023-04-07,2019-04-08,2020-10-07,120.41851806640624,133.3169708251953,148.95420837402344,7.012511923840581,4.543891010938728
316,AUROPHARMA,2025-10-05,2023-04-07,2020-10-07,2023-04-07,2019-04-08,2020-10-07,753.9321899414062,799.6708984375,532.7376098632812,4.000903226301911,-15.01845002511124
317,SPIC,2025-10-05,2023-04-07,2020-10-07,2023-04-07,2019-04-08,2020-10-07,24.822725296020508,18.365947723388672,58.220096588134766,-18.180747814269104,58.76465991097537
318,STARCEMENT,2025-10-05,2023-04-07,2020-10-07,2023-04-07,2019-04-08,2020-10-07,96.09481811523438,83.6500015258789,114.3000030517578,-8.823980508178064,13.323873590229196
319,NESCO,2025-10-05,2023-04-07,2020-10-07,2023-04-07,2019-04-08,2020-10-07,458.5964050292969,516.9888305664062,537.9151611328125,8.31003147635252,1.602501257501121
320,GREAVESCOT,2025-10-05,2023-04-07,2020-10-07,2023-04-07,2019-04-08,2020-10-07,143.2557830810547,72.85271453857422,131.02992248535156,-36.26162120272378,26.513769552696953
321,SUVEN,2025-10-05,2023-04-07,2020-10-07,2023-04-07,2019-04-08,2020-10-07,12.456768989562988,47.26250076293945,51.0,143.06472373265962,3.0963194184894682
322,ZODIACLOTH,2025-10-05,2023-04-07,2020-10-07,2023-04-07,2019-04-08,2020-10-07,228.91098022460935,101.4000015258789,87.44999694824219,-41.86165560229686,-5.7575863869543165
323,TGBHOTELS,2025-10-05,2023-04-07,2020-10-07,2023-04-07,2019-04-08,2020-10-07,11.350000381469728,5.699999809265137,8.699999809265137,-36.7926003586012,18.46190494220561
324,MIDHANI,2025-10-05,2023-04-07,2020-10-07,2023-04-07,2019-04-08,2020-10-07,126.56527709960938,184.5472412109375,185.5128936767578,28.556988766600398,0.20931876027519003
325,URJA,2025-10-05,2023-04-07,2020-10-07,2023-04-07,2019-04-08,2020-10-07,2.6324169635772705,3.350348949432373,8.149999618530273,17.42481019516804,42.78457360855423
326,SIYSIL,2025-10-05,2023-04-07,2020-10-07,2023-04-07,2019-04-08,2020-10-07,402.7600708007813,145.68319702148438,420.9915466308594,-49.2023050659108,52.98508690260015
327,SCI,2025-10-05,2023-04-07,2020-10-07,2023-04-07,2019-04-08,2020-10-07,34.275665283203125,51.40754318237305,80.52482604980469,30.994649260713224,19.698730641592576
328,GPTINFRA,2025-10-05,2023-04-07,2020-10-07,2023-04-07,2019-04-08,2020-10-07,11.334993362426758,5.529731273651123,22.553062438964844,-38.001938110388586,75.63161097015391
329,EVERESTIND,2025-10-05,2023-04-07,2020-10-07,2023-04-07,2019-04-08,2020-10-07,421.2928466796875,209.0747985839844,754.3267822265625,-37.29095966902075,67.21304501371097
330,KSB,2025-10-05,2023-04-07,2020-10-07,2023-04-07,2019-04-08,2020-10-07,130.337158203125,94.0442123413086,443.0237426757813,-19.537146269487327,86.07211025452929
331,KITEX,2025-10-05,2023-04-07,2020-10-07,2023-04-07,2019-04-08,2020-10-07,30.22649574279785,33.98747253417969,47.47650909423828,8.12423950244594,14.329832751987315
332,ZENSARTECH,2025-10-05,2023-04-07,2020-10-07,2023-04-07,2019-04-08,2020-10-07,209.9359588623047,181.66693115234372,274.16424560546875,-9.183609393419289,17.926576993344657
333,SHIVAMAUTO,2025-10-05,2023-04-07,2020-10-07,2023-04-07,2019-04-08,2020-10-07,32.53287124633789,16.708585739135742,25.799999237060547,-35.841497062464455,19.013511279802287
334,SHREECEM,2025-10-05,2023-04-07,2020-10-07,2023-04-07,2019-04-08,2020-10-07,18417.4453125,20389.748046875,25963.19140625,7.010921829929995,10.166006258258875
335,SELAN,2025-10-05,2023-04-07,2020-10-07,2023-04-07,2019-04-08,2020-10-07,171.42369079589844,102.93309783935548,266.45001220703125,-28.803680502355057,46.38491645946956
336,BIOFILCHEM,2025-10-05,2023-04-07,2020-10-07,2023-04-07,2019-04-08,2020-10-07,7.75,65.94999694824219,44.45000076293945,316.27124407987736,-14.621219405205444
337,CEREBRAINT,2025-10-05,2023-04-07,2020-10-07,2023-04-07,2019-04-08,2020-10-07,27.0,28.899999618530277,7.599999904632568,4.633660070846113,-41.44226814606411
338,COLPAL,2025-10-05,2023-04-07,2020-10-07,2023-04-07,2019-04-08,2020-10-07,1072.7373046875,1299.124267578125,1476.9073486328125,13.602431152558104,5.273172027583262
339,KOTARISUG,2025-10-05,2023-04-07,2020-10-07,2023-04-07,2019-04-08,2020-10-07,9.552720069885254,14.228338241577148,37.32084274291992,30.390566422899255,47.16167807348779
340,DEEPAKNTR,2025-10-05,2023-04-07,2020-10-07,2023-04-07,2019-04-08,2020-10-07,264.3204650878906,786.5712280273438,1795.9176025390625,106.75217901556486,39.20520888905345
341,BANARBEADS,2025-10-05,2023-04-07,2020-10-07,2023-04-07,2019-04-08,2020-10-07,41.78268814086914,49.129093170166016,75.83292388916016,11.391519021594343,18.99584113528643
342,RUCHINFRA,2025-10-05,2023-04-07,2020-10-07,2023-04-07,2019-04-08,2020-10-07,2.799999952316284,9.800000190734863,8.550000190734863,130.34622458805094,-5.320275292273924
343,ECLERX,2025-10-05,2023-04-07,2020-10-07,2023-04-07,2019-04-08,2020-10-07,745.7232666015625,477.0330810546875,1339.7255859375,-25.738242132098975,51.24544703073464
344,RADICO,2025-10-05,2023-04-07,2020-10-07,2023-04-07,2019-04-08,2020-10-07,381.3478393554688,417.8664245605469,1147.7366943359375,6.280429239308871,49.903205595202294
345,GRAPHITE,2025-10-05,2023-04-07,2020-10-07,2023-04-07,2019-04-08,2020-10-07,338.3319702148437,181.1326141357422,256.60113525390625,-34.042002179568584,14.975257539023712
346,NAGREEKEXP,2025-10-05,2023-04-07,2020-10-07,2023-04-07,2019-04-08,2020-10-07,12.455376625061035,7.451230049133301,17.734477996826172,-28.979597654435306,41.54163368216941
